{
 "type": "FeatureCollection",
 "metadata": {
  "source": "NHD flowlines via NLDI, UT from comid 19730122",
  "buffer_m": 100,
  "crs": "EPSG:4326",
  "pct_of_watershed": 14.02,
  "use": "EVENT mode only \u2014 masking drift monitoring would hide development and harvest away from the channel"
 },
 "features": [
  {
   "type": "Feature",
   "properties": {
    "name": "riparian corridor"
   },
   "geometry": {
    "type": "Polygon",
    "coordinates": [
     [
      [
       -83.20637485551745,
       35.21332201376617
      ],
      [
       -83.20631351712184,
       35.21339703961059
      ],
      [
       -83.20624333391052,
       35.21346664838911
      ],
      [
       -83.20616501117848,
       35.21353014055666
      ],
      [
       -83.2060793360259,
       35.213586878036324
      ],
      [
       -83.20435113074731,
       35.21461838341749
      ],
      [
       -83.20426373421446,
       35.214665494637785
      ],
      [
       -83.20417127414737,
       35.21470557090304
      ],
      [
       -83.20407458876886,
       35.21473824888653
      ],
      [
       -83.20212535439568,
       35.21530957910317
      ],
      [
       -83.20112188680476,
       35.215770296410085
      ],
      [
       -83.20052891086291,
       35.21622282288332
      ],
      [
       -83.200303764008,
       35.216495081473035
      ],
      [
       -83.2002869652848,
       35.216921057467026
      ],
      [
       -83.20027723713433,
       35.217015067209836
      ],
      [
       -83.20025558658203,
       35.21710772724815
      ],
      [
       -83.20022225085118,
       35.217198022140686
      ],
      [
       -83.20017759522347,
       35.21728496236179
      ],
      [
       -83.19977543188644,
       35.21796595107939
      ],
      [
       -83.19973083079448,
       35.218198646162854
      ],
      [
       -83.19973133848532,
       35.21865781020734
      ],
      [
       -83.19981396881357,
       35.2189281935806
      ],
      [
       -83.19991222801558,
       35.219104969066485
      ],
      [
       -83.19995934967943,
       35.21920516270891
      ],
      [
       -83.20015505930724,
       35.21970875982427
      ],
      [
       -83.20018080335574,
       35.21978699392549
      ],
      [
       -83.20019788008236,
       35.219866809388755
      ],
      [
       -83.20020615140574,
       35.21994756094972
      ],
      [
       -83.20020555043041,
       35.220028595774274
      ],
      [
       -83.20019608198855,
       35.220109258736386
      ],
      [
       -83.20010617438,
       35.22062903581849
      ],
      [
       -83.20018801110255,
       35.22114564633384
      ],
      [
       -83.20035213890897,
       35.22159885230627
      ],
      [
       -83.20110299850283,
       35.2227015789601
      ],
      [
       -83.20116015968601,
       35.22279877174168
      ],
      [
       -83.20120275407234,
       35.22290087425428
      ],
      [
       -83.2013164099789,
       35.22323797207929
      ],
      [
       -83.20141352118169,
       35.223231525435914
      ],
      [
       -83.20160133767008,
       35.22297407636059
      ],
      [
       -83.20166436431785,
       35.222896989677764
      ],
      [
       -83.20173671944207,
       35.222825631753956
      ],
      [
       -83.20181763544106,
       35.22276075958734
      ],
      [
       -83.20190625390164,
       35.22270306137022
      ],
      [
       -83.20200163470575,
       35.22265314918883
      ],
      [
       -83.20210276600362,
       35.222611552530594
      ],
      [
       -83.20254896252695,
       35.22245105427094
      ],
      [
       -83.2026388418922,
       35.222422512593056
      ],
      [
       -83.20273142427568,
       35.22240054631774
      ],
      [
       -83.20282599683586,
       35.22238532457389
      ],
      [
       -83.2033838909521,
       35.222316228539185
      ],
      [
       -83.20348795826894,
       35.222307473967966
      ],
      [
       -83.20359256852315,
       35.22230688378898
      ],
      [
       -83.20369677267988,
       35.222314463355254
      ],
      [
       -83.20379962538837,
       35.22233014390302
      ],
      [
       -83.20390019355735,
       35.22235378317556
      ],
      [
       -83.20399756481942,
       35.22238516671366
      ],
      [
       -83.20421549916291,
       35.222465438188266
      ],
      [
       -83.20427401550022,
       35.22238360084639
      ],
      [
       -83.20434303510315,
       35.222298525080404
      ],
      [
       -83.20442334876277,
       35.22222040864798
      ],
      [
       -83.20492504957333,
       35.221785111900346
      ],
      [
       -83.20502031760888,
       35.22171173416711
      ],
      [
       -83.20512553031355,
       35.22164815947978
      ],
      [
       -83.20589796690847,
       35.22123721213643
      ],
      [
       -83.20675179031481,
       35.220254343631964
      ],
      [
       -83.20681540572771,
       35.22018793223086
      ],
      [
       -83.20688631852356,
       35.2201267000592
      ],
      [
       -83.20696390574142,
       35.22007118502021
      ],
      [
       -83.20704748579217,
       35.2200218747929
      ],
      [
       -83.20793018847677,
       35.21955096197516
      ],
      [
       -83.208035603548,
       35.2194426473171
      ],
      [
       -83.20822421029287,
       35.21899411343107
      ],
      [
       -83.2082665814696,
       35.21890801258689
      ],
      [
       -83.20831952323414,
       35.21882594639732
      ],
      [
       -83.2083824735803,
       35.218748785991174
      ],
      [
       -83.20845476426672,
       35.218677350420045
      ],
      [
       -83.20865730139845,
       35.21849698514421
      ],
      [
       -83.20866154600833,
       35.218488602918434
      ],
      [
       -83.20866734667159,
       35.21844537878472
      ],
      [
       -83.20863964489247,
       35.218387344973465
      ],
      [
       -83.2086116785262,
       35.21830804715295
      ],
      [
       -83.20859267115064,
       35.21822698203325
      ],
      [
       -83.20858278220932,
       35.2181448297433
      ],
      [
       -83.20858209464177,
       35.21806227953127
      ],
      [
       -83.20860929636898,
       35.217489881492014
      ],
      [
       -83.2086203437537,
       35.217392788898835
      ],
      [
       -83.20864410889095,
       35.217297244110945
      ],
      [
       -83.20868031352313,
       35.21720436564967
      ],
      [
       -83.20922233238674,
       35.21603586373154
      ],
      [
       -83.20924552646858,
       35.21590822086999
      ],
      [
       -83.20912459056993,
       35.215648396404205
      ],
      [
       -83.20908976872519,
       35.215560227316026
      ],
      [
       -83.20906616507075,
       35.21546958951625
      ],
      [
       -83.20905402919821,
       35.21537744157774
      ],
      [
       -83.2090534894157,
       35.21528475804112
      ],
      [
       -83.20910820439116,
       35.21432316405608
      ],
      [
       -83.20911919438265,
       35.21423131705922
      ],
      [
       -83.20914157183601,
       35.21414087394873
      ],
      [
       -83.20936387570622,
       35.2134309695609
      ],
      [
       -83.20939607420873,
       35.21334585098542
      ],
      [
       -83.2094383591795,
       35.21326375855713
      ],
      [
       -83.21062968659857,
       35.21123664025874
      ],
      [
       -83.21082868603854,
       35.21072462004948
      ],
      [
       -83.21086642772491,
       35.21064178823263
      ],
      [
       -83.21091387886435,
       35.210562390840984
      ],
      [
       -83.21097058257581,
       35.210487192301194
      ],
      [
       -83.21103599290018,
       35.210416916611756
      ],
      [
       -83.21134249601094,
       35.21011911867868
      ],
      [
       -83.21141599295086,
       35.210054434058954
      ],
      [
       -83.21149686104252,
       35.209995973294404
      ],
      [
       -83.21158432148482,
       35.209944299380176
      ],
      [
       -83.21167753199529,
       35.20989990995076
      ],
      [
       -83.21177559492143,
       35.20986323248791
      ],
      [
       -83.21187756588503,
       35.209834620204354
      ],
      [
       -83.2119824628761,
       35.20981434864251
      ],
      [
       -83.21208927570929,
       35.20980261302127
      ],
      [
       -83.21219697575131,
       35.20979952635619
      ],
      [
       -83.21230452582596,
       35.20980511837134
      ],
      [
       -83.21241089020144,
       35.20981933521305
      ],
      [
       -83.21251504456369,
       35.20984203996858
      ],
      [
       -83.2126159858798,
       35.20987301398452
      ],
      [
       -83.21271274205658,
       35.209911958972306
      ],
      [
       -83.21280438130137,
       35.20995849988065
      ],
      [
       -83.21289002109484,
       35.21001218850704
      ],
      [
       -83.21296883668944,
       35.210072507813706
      ],
      [
       -83.21304006905187,
       35.21013887690655
      ],
      [
       -83.21310303217274,
       35.21021065662885
      ],
      [
       -83.21315711967333,
       35.21028715571624
      ],
      [
       -83.21320181064577,
       35.210367637453345
      ],
      [
       -83.21323667467026,
       35.21045132676839
      ],
      [
       -83.21326137596097,
       35.21053741769702
      ],
      [
       -83.213275676601,
       35.21062508114386
      ],
      [
       -83.21327943883468,
       35.21071347286686
      ],
      [
       -83.21327262639554,
       35.210801741607646
      ],
      [
       -83.2132553048569,
       35.21088903728948
      ],
      [
       -83.21322764100161,
       35.210974519204036
      ],
      [
       -83.2131899012172,
       35.21105736410794
      ],
      [
       -83.21314244893155,
       35.21113677415131
      ],
      [
       -83.21308574111387,
       35.21121198456181
      ],
      [
       -83.21302032387479,
       35.21128227101019
      ],
      [
       -83.21285475789182,
       35.211443138410225
      ],
      [
       -83.21269863536543,
       35.21184486328815
      ],
      [
       -83.21264153547477,
       35.211962509803115
      ],
      [
       -83.21146400133496,
       35.213966246339936
      ],
      [
       -83.21129694245411,
       35.21449977659519
      ],
      [
       -83.2112582042143,
       35.215180909287696
      ],
      [
       -83.21140011488583,
       35.215485779112036
      ],
      [
       -83.21143485305743,
       35.21557368412285
      ],
      [
       -83.2114584399761,
       35.21566404632243
      ],
      [
       -83.2114706276204,
       35.2157559156749
      ],
      [
       -83.21147128781493,
       35.21584832629554
      ],
      [
       -83.21146041357953,
       35.21594030660577
      ],
      [
       -83.21137721963149,
       35.216398212124034
      ],
      [
       -83.21135347622256,
       35.216493389691365
      ],
      [
       -83.21131738703599,
       35.2165859169298
      ],
      [
       -83.2107970989788,
       35.2177076360823
      ],
      [
       -83.21078689293415,
       35.217922521039924
      ],
      [
       -83.21079446689255,
       35.217936469809025
      ],
      [
       -83.2108360520897,
       35.21802543066641
      ],
      [
       -83.21086596041401,
       35.21811749718221
      ],
      [
       -83.21088385754854,
       35.21821164035321
      ],
      [
       -83.21088954341955,
       35.21830680796252
      ],
      [
       -83.2108829544345,
       35.21840193633972
      ],
      [
       -83.21082766094544,
       35.21881404363199
      ],
      [
       -83.21081139957143,
       35.21889832817936
      ],
      [
       -83.21078549729845,
       35.21898097282961
      ],
      [
       -83.2107501863108,
       35.219061236674605
      ],
      [
       -83.21061099027018,
       35.21933613372318
      ],
      [
       -83.2105701897305,
       35.219407686996206
      ],
      [
       -83.210521910301,
       35.21947603335822
      ],
      [
       -83.21046652291251,
       35.219540647677476
      ],
      [
       -83.21040445311208,
       35.21960103349558
      ],
      [
       -83.21022568578931,
       35.21976023474708
      ],
      [
       -83.21005020669513,
       35.22017757324521
      ],
      [
       -83.2100027740906,
       35.22027248272634
      ],
      [
       -83.20994250599169,
       35.22036235429245
      ],
      [
       -83.20987018313282,
       35.22044602365237
      ],
      [
       -83.20953578770309,
       35.220789624947386
      ],
      [
       -83.2094578334728,
       35.22086149478902
      ],
      [
       -83.20937098681023,
       35.220926135549696
      ],
      [
       -83.20927623750484,
       35.22098281050389
      ],
      [
       -83.20841945549454,
       35.22143990129086
      ],
      [
       -83.20756523284692,
       35.222423251189895
      ],
      [
       -83.20750139430353,
       35.22248987368559
      ],
      [
       -83.20743021171572,
       35.222551280893015
      ],
      [
       -83.20735231453551,
       35.22260692978701
      ],
      [
       -83.20726839159661,
       35.2226563282621
      ],
      [
       -83.20643070847173,
       35.223101993666845
      ],
      [
       -83.20610526621448,
       35.223384366186195
      ],
      [
       -83.20589010105437,
       35.22368529135796
      ],
      [
       -83.2058263734544,
       35.223764536542205
      ],
      [
       -83.20575283999136,
       35.223837840701016
      ],
      [
       -83.20567031671087,
       35.223904390306906
      ],
      [
       -83.2055797194341,
       35.22396344679212
      ],
      [
       -83.20548205359428,
       35.22401435474575
      ],
      [
       -83.2050357538747,
       35.224220752818574
      ],
      [
       -83.20494028180606,
       35.224260014883704
      ],
      [
       -83.20484061427103,
       35.22429148310648
      ],
      [
       -83.20473769351645,
       35.22431485998701
      ],
      [
       -83.20463249254804,
       35.22432992452021
      ],
      [
       -83.20452600593093,
       35.224336534285385
      ],
      [
       -83.20441924038624,
       35.22433462679279
      ],
      [
       -83.20402873606938,
       35.224312028703665
      ],
      [
       -83.20393288273011,
       35.22430299549932
      ],
      [
       -83.20383836536321,
       35.224287094286595
      ],
      [
       -83.20374591336342,
       35.22426444777504
      ],
      [
       -83.20365624018557,
       35.22423523072802
      ],
      [
       -83.203392535768,
       35.224138101674356
      ],
      [
       -83.20330435402907,
       35.22414902312773
      ],
      [
       -83.20306829039423,
       35.22447261493023
      ],
      [
       -83.20300578712273,
       35.22454912821724
      ],
      [
       -83.20293409272114,
       35.22462000680918
      ],
      [
       -83.20285395607773,
       35.22468451031544
      ],
      [
       -83.20276621427362,
       35.224741964937
      ],
      [
       -83.20267178383901,
       35.22479177050535
      ],
      [
       -83.2024766816757,
       35.22488346542109
      ],
      [
       -83.20236890333778,
       35.22492785880208
      ],
      [
       -83.20225584340199,
       35.22496228874856
      ],
      [
       -83.20213886488408,
       35.224986340180315
      ],
      [
       -83.20201937804619,
       35.22499972313742
      ],
      [
       -83.20096655546484,
       35.22506961427056
      ],
      [
       -83.20067061048861,
       35.22526866468188
      ],
      [
       -83.20010370462835,
       35.225755879296244
      ],
      [
       -83.2000356528007,
       35.22580954559853
      ],
      [
       -83.1999622371454,
       35.22585821960428
      ],
      [
       -83.19988399980124,
       35.22590154187291
      ],
      [
       -83.19980151851645,
       35.225939192483885
      ],
      [
       -83.19924381663148,
       35.22616859787647
      ],
      [
       -83.19915075177643,
       35.22620254474775
      ],
      [
       -83.19905425495392,
       35.22622927226101
      ],
      [
       -83.19895515586619,
       35.226248550605064
      ],
      [
       -83.19885430659274,
       35.22626021401844
      ],
      [
       -83.19875257426335,
       35.22626416221483
      ],
      [
       -83.19732982927701,
       35.22626518330471
      ],
      [
       -83.19674731043682,
       35.226496474749624
      ],
      [
       -83.19662610528361,
       35.22653746746724
      ],
      [
       -83.19654147267313,
       35.2265568013224
      ],
      [
       -83.19651067768001,
       35.226617719952735
      ],
      [
       -83.1964644680135,
       35.22668990021954
      ],
      [
       -83.19641049763423,
       35.22675835840204
      ],
      [
       -83.1962711956113,
       35.2269186583877
      ],
      [
       -83.19619874440139,
       35.22699332578176
      ],
      [
       -83.19611707629598,
       35.22706128759171
      ],
      [
       -83.19602710717484,
       35.227121781629684
      ],
      [
       -83.19592984602012,
       35.22717412945651
      ],
      [
       -83.19582638360062,
       35.22721774399106
      ],
      [
       -83.1957178802386,
       35.22725213609485
      ],
      [
       -83.19485474794797,
       35.22748342610898
      ],
      [
       -83.19484384432914,
       35.22749564594266
      ],
      [
       -83.19461802368544,
       35.227978690228795
      ],
      [
       -83.19457749041759,
       35.228054724341405
      ],
      [
       -83.19452860532095,
       35.22812737679673
      ],
      [
       -83.19447178287656,
       35.22819603156462
      ],
      [
       -83.19440750487095,
       35.22826010651027
      ],
      [
       -83.19433631631134,
       35.2283190583304
      ],
      [
       -83.19425882080475,
       35.228372387160434
      ],
      [
       -83.19383061850046,
       35.22864049697376
      ],
      [
       -83.19371375298958,
       35.22879259500421
      ],
      [
       -83.1936931880155,
       35.22888292122079
      ],
      [
       -83.19374256569529,
       35.2296217536536
      ],
      [
       -83.19374307041772,
       35.22971221029592
      ],
      [
       -83.19373252174097,
       35.22980225284008
      ],
      [
       -83.19371102589139,
       35.22989097423542
      ],
      [
       -83.1936787993742,
       35.2299774807371
      ],
      [
       -83.19363616679384,
       35.23006090090934
      ],
      [
       -83.19321130646131,
       35.230787629223805
      ],
      [
       -83.19438396554041,
       35.23184939138123
      ],
      [
       -83.19530593966935,
       35.232298858990454
      ],
      [
       -83.19764156667395,
       35.23290682806055
      ],
      [
       -83.1977572457913,
       35.232942940341744
      ],
      [
       -83.19866461137782,
       35.23327533876639
      ],
      [
       -83.20061893687827,
       35.23346368394485
      ],
      [
       -83.20072114906148,
       35.2334775698745
      ],
      [
       -83.2008213121932,
       35.2334992949172
      ],
      [
       -83.20091853526999,
       35.233528665816536
      ],
      [
       -83.20250897189727,
       35.23408031490229
      ],
      [
       -83.20366488108044,
       35.234361957085405
      ],
      [
       -83.20540589449456,
       35.23451206920521
      ],
      [
       -83.20549663444314,
       35.234523051382745
      ],
      [
       -83.20558594140681,
       35.23454020628879
      ],
      [
       -83.20567319273935,
       35.23456341431911
      ],
      [
       -83.20670174141725,
       35.23487649690823
      ],
      [
       -83.20972759795896,
       35.23493892062604
      ],
      [
       -83.20981585658954,
       35.23494366274616
      ],
      [
       -83.21059734699999,
       35.23501166331921
      ],
      [
       -83.21070002938735,
       35.23502465153188
      ],
      [
       -83.21080075695379,
       35.23504554089671
      ],
      [
       -83.21089862864967,
       35.23507414454887
      ],
      [
       -83.21137312242968,
       35.235233943080935
      ],
      [
       -83.21146954513777,
       35.23527099212472
      ],
      [
       -83.21156114325204,
       35.23531552610283
      ],
      [
       -83.21164705623002,
       35.23536712663197
      ],
      [
       -83.21172647693501,
       35.235425308940144
      ],
      [
       -83.21179865921867,
       35.23548952642073
      ],
      [
       -83.21186292493091,
       35.23555917576713
      ],
      [
       -83.21191867029101,
       35.23563360264048
      ],
      [
       -83.21329160568675,
       35.23768305423426
      ],
      [
       -83.2136680648543,
       35.23804897472592
      ],
      [
       -83.21373126646648,
       35.238116659524536
      ],
      [
       -83.21378638924445,
       35.23818894145689
      ],
      [
       -83.2138329398162,
       35.23826517359716
      ],
      [
       -83.21387050152767,
       35.23834467366329
      ],
      [
       -83.21403830105508,
       35.23875667406314
      ],
      [
       -83.21406955870563,
       35.23884973096819
      ],
      [
       -83.21408850660443,
       35.23894499678091
      ],
      [
       -83.21409492736451,
       35.23904137874505
      ],
      [
       -83.21409604241433,
       35.23993418129198
      ],
      [
       -83.21408716110595,
       35.24004947941281
      ],
      [
       -83.213878896383,
       35.24138495763975
      ],
      [
       -83.21401438638458,
       35.24322330827832
      ],
      [
       -83.21401560511565,
       35.24331174779279
      ],
      [
       -83.21400625142607,
       35.243399859445695
      ],
      [
       -83.21398641536292,
       35.2434867946725
      ],
      [
       -83.21395628792575,
       35.243571716235586
      ],
      [
       -83.21391615922843,
       35.24365380628745
      ],
      [
       -83.21386641570636,
       35.243732274247364
      ],
      [
       -83.21380753639588,
       35.24380636441527
      ],
      [
       -83.21374008832164,
       35.24387536325016
      ],
      [
       -83.21366472103654,
       35.2439386062422
      ],
      [
       -83.2135821603664,
       35.24399548431296
      ],
      [
       -83.21349320142002,
       35.244045449681586
      ],
      [
       -83.21339870093169,
       35.244088021140826
      ],
      [
       -83.21329956900989,
       35.24412278869185
      ],
      [
       -83.21319676037184,
       35.2441494174932
      ],
      [
       -83.21309126514818,
       35.24416765108593
      ],
      [
       -83.21298409934636,
       35.24417731386382
      ],
      [
       -83.21287629506486,
       35.244178312764774
      ],
      [
       -83.21276889055213,
       35.24417063816727
      ],
      [
       -83.21266292020643,
       35.24415436398302
      ],
      [
       -83.2125594046127,
       35.24412964694518
      ],
      [
       -83.21245934071253,
       35.24409672509874
      ],
      [
       -83.21236369220183,
       35.24405591550777
      ],
      [
       -83.21227338024906,
       35.24400761120161
      ],
      [
       -83.21218927462296,
       35.24395227738937
      ],
      [
       -83.2121121853156,
       35.2438904469792
      ],
      [
       -83.21204285474151,
       35.24382271544564
      ],
      [
       -83.21198195058759,
       35.24374973509429
      ],
      [
       -83.21193005938314,
       35.24367220877928
      ],
      [
       -83.21188768085166,
       35.243590883133805
      ],
      [
       -83.211855223099,
       35.243506541379226
      ],
      [
       -83.21183299868379,
       35.24341999578176
      ],
      [
       -83.21182122160852,
       35.24333207982959
      ],
      [
       -83.21167954428634,
       35.241409074611916
      ],
      [
       -83.21167815780993,
       35.241324557424285
      ],
      [
       -83.21168642851525,
       35.24124030536933
      ],
      [
       -83.21189889426941,
       35.239878125626305
      ],
      [
       -83.2118980525752,
       35.23918932378526
      ],
      [
       -83.21185339437437,
       35.23907966718327
      ],
      [
       -83.21154213101237,
       35.238777110723035
      ],
      [
       -83.21147606201937,
       35.2387060146075
      ],
      [
       -83.21141890382037,
       35.23862989789752
      ],
      [
       -83.21018534033244,
       35.23678844125775
      ],
      [
       -83.20962816123856,
       35.236739959034274
      ],
      [
       -83.20646357139773,
       35.23667467284444
      ],
      [
       -83.20634314952086,
       35.23666673476754
      ],
      [
       -83.20622451839,
       35.236647995268
      ],
      [
       -83.20610911289596,
       35.236618681005965
      ],
      [
       -83.20503871058581,
       35.23629286028944
      ],
      [
       -83.20333448426086,
       35.23614591966311
      ],
      [
       -83.20323462799647,
       35.23613347858587
      ],
      [
       -83.20313658660929,
       35.23611356515362
      ],
      [
       -83.20182487654573,
       35.23579396226829
      ],
      [
       -83.20170987780959,
       35.23576012713186
      ],
      [
       -83.20020722208449,
       35.23523892646687
      ],
      [
       -83.19824174558663,
       35.23504950552061
      ],
      [
       -83.19813240138757,
       35.23503434239405
      ],
      [
       -83.19802547778441,
       35.235010211170824
      ],
      [
       -83.19792206452527,
       35.234977357791585
      ],
      [
       -83.19691815429297,
       35.23460959256769
      ],
      [
       -83.19452121071616,
       35.23398566135803
      ],
      [
       -83.19440381791391,
       35.23394891679728
      ],
      [
       -83.19429230733627,
       35.23390141346766
      ],
      [
       -83.19311980152702,
       35.233329807358366
      ],
      [
       -83.19302878796171,
       35.23328025351044
      ],
      [
       -83.19294422278006,
       35.233223528163634
      ],
      [
       -83.19286694218171,
       35.233160192239104
      ],
      [
       -83.19127523859896,
       35.23171898556521
      ],
      [
       -83.19120374086127,
       35.231647138068425
      ],
      [
       -83.19117958810271,
       35.231617006332876
      ],
      [
       -83.19115731336473,
       35.23161169203015
      ],
      [
       -83.1911545458269,
       35.23161183530245
      ],
      [
       -83.1900300332863,
       35.23291776170308
      ],
      [
       -83.18995747732384,
       35.2329931497533
      ],
      [
       -83.18987555426365,
       35.23306177363149
      ],
      [
       -83.18978519472539,
       35.233122853772294
      ],
      [
       -83.189687425174,
       35.233175696305004
      ],
      [
       -83.18935272123512,
       35.23333629489721
      ],
      [
       -83.18925714686532,
       35.23337712977467
      ],
      [
       -83.18915715589127,
       35.23341008483398
      ],
      [
       -83.18905371056275,
       35.233434842933825
      ],
      [
       -83.18894780637557,
       35.23345116581535
      ],
      [
       -83.18884046249076,
       35.23345889639513
      ],
      [
       -83.18795866475935,
       35.233486747643525
      ],
      [
       -83.18727660107612,
       35.235563488592085
      ],
      [
       -83.1872776096382,
       35.23672596015284
      ],
      [
       -83.18727169463043,
       35.23682000692867
      ],
      [
       -83.18725385089928,
       35.23691303392853
      ],
      [
       -83.1872242732186,
       35.23700402550088
      ],
      [
       -83.18718328447405,
       35.23709198821319
      ],
      [
       -83.18682612409573,
       35.2377527109505
      ],
      [
       -83.18680920930626,
       35.23830822437286
      ],
      [
       -83.1869159353689,
       35.238570332991394
      ],
      [
       -83.18694719945877,
       35.23866344646332
      ],
      [
       -83.18696613934269,
       35.23875877003579
      ],
      [
       -83.18697253747897,
       35.238855209048694
      ],
      [
       -83.18697335422101,
       35.23972520561489
      ],
      [
       -83.18696844614618,
       35.23981100274115
      ],
      [
       -83.18695360534122,
       35.23989602694279
      ],
      [
       -83.18666765359002,
       35.24111648467752
      ],
      [
       -83.1866679909324,
       35.241464155871334
      ],
      [
       -83.18667000458812,
       35.24146768017193
      ],
      [
       -83.18670622946411,
       35.24155191182376
      ],
      [
       -83.18673211368342,
       35.24163867149096
      ],
      [
       -83.18674740298307,
       35.24172710703612
      ],
      [
       -83.18675539849137,
       35.24179873474558
      ],
      [
       -83.18707433588078,
       35.24229219618945
      ],
      [
       -83.18761290279006,
       35.24272262758522
      ],
      [
       -83.18820705280923,
       35.24251327758362
      ],
      [
       -83.18830318070553,
       35.2424836899687
      ],
      [
       -83.18840225562293,
       35.2424615936787
      ],
      [
       -83.18850341224191,
       35.24244718170099
      ],
      [
       -83.18939630269527,
       35.242354982052554
      ],
      [
       -83.1895075817583,
       35.2423481769505
      ],
      [
       -83.18961912823184,
       35.24235066782519
      ],
      [
       -83.19280049107559,
       35.24255467087138
      ],
      [
       -83.1928835633789,
       35.242562616408186
      ],
      [
       -83.1929656581809,
       35.24257572346087
      ],
      [
       -83.19377467645735,
       35.24273132180468
      ],
      [
       -83.19555634584258,
       35.24268773328052
      ],
      [
       -83.19566124760122,
       35.24268927804507
      ],
      [
       -83.19576549134999,
       35.242699025324924
      ],
      [
       -83.19586812632238,
       35.2427168862178
      ],
      [
       -83.19596821642374,
       35.24274269782028
      ],
      [
       -83.19606484876815,
       35.24277622471351
      ],
      [
       -83.19681863965843,
       35.24307332099572
      ],
      [
       -83.19692721118327,
       35.24312248282341
      ],
      [
       -83.19702833736571,
       35.24318136976387
      ],
      [
       -83.19749901540952,
       35.24348964729728
      ],
      [
       -83.19899010630373,
       35.244110800405295
      ],
      [
       -83.19907576116935,
       35.24415053597866
      ],
      [
       -83.200440697431,
       35.24485169263875
      ],
      [
       -83.2018389893925,
       35.24538160841248
      ],
      [
       -83.20304737965989,
       35.2457330271794
      ],
      [
       -83.20315042164009,
       35.245767914985464
      ],
      [
       -83.20464691208569,
       35.2463491288393
      ],
      [
       -83.20526353725577,
       35.24642099866479
      ],
      [
       -83.20536940713926,
       35.24643772123367
      ],
      [
       -83.2054727692334,
       35.24646287599517
      ],
      [
       -83.20557262813436,
       35.24649622070169
      ],
      [
       -83.20566802217198,
       35.24653743423432
      ],
      [
       -83.20575803267023,
       35.246586119694946
      ],
      [
       -83.20584179279376,
       35.2466418082283
      ],
      [
       -83.20591849589542,
       35.24670396353667
      ],
      [
       -83.20598740328434,
       35.246771987044376
      ],
      [
       -83.20604785133992,
       35.246845223661786
      ],
      [
       -83.206099257903,
       35.246922968093585
      ],
      [
       -83.20614112788287,
       35.24700447163078
      ],
      [
       -83.20617305802583,
       35.24708894936055
      ],
      [
       -83.20619474079966,
       35.24717558772513
      ],
      [
       -83.20620596735645,
       35.24726355235634
      ],
      [
       -83.20620662954502,
       35.24735199611077
      ],
      [
       -83.20619672095383,
       35.24744006722819
      ],
      [
       -83.20617633697394,
       35.24752691753427
      ],
      [
       -83.20614567388176,
       35.24761171060908
      ],
      [
       -83.20610502695001,
       35.24769362984243
      ],
      [
       -83.20605478760523,
       35.2477718862985
      ],
      [
       -83.205995439659,
       35.247845726314075
      ],
      [
       -83.20592755464959,
       35.24791443875716
      ],
      [
       -83.20585178633813,
       35.247977361875996
      ],
      [
       -83.20576886441293,
       35.24803388967267
      ],
      [
       -83.20567958746221,
       35.24808347773966
      ],
      [
       -83.20558481528317,
       35.248125648503404
      ],
      [
       -83.20548546060114,
       35.24815999582406
      ],
      [
       -83.2053824802789,
       35.24818618890729
      ],
      [
       -83.20527686610073,
       35.24820397549049
      ],
      [
       -83.20516963521986,
       35.24821318427248
      ],
      [
       -83.20506182036159,
       35.24821372656358
      ],
      [
       -83.20495445987628,
       35.24820559713976
      ],
      [
       -83.20417285536874,
       35.24811449846059
      ],
      [
       -83.20406467034762,
       35.248097309757156
      ],
      [
       -83.20395912855146,
       35.24807131719993
      ],
      [
       -83.20385729178102,
       35.24803678228576
      ],
      [
       -83.20226062096928,
       35.24741666068396
      ],
      [
       -83.20105711021647,
       35.247066660528866
      ],
      [
       -83.20096346738636,
       35.247035377544414
      ],
      [
       -83.19945595583889,
       35.24646406930698
      ],
      [
       -83.19933364799186,
       35.24640976200454
      ],
      [
       -83.19795138241797,
       35.24569970072929
      ],
      [
       -83.19640398081823,
       35.245055086768694
      ],
      [
       -83.19630688203868,
       35.24500938917281
      ],
      [
       -83.19621595598448,
       35.24495582276984
      ],
      [
       -83.19575483134363,
       35.24465380041498
      ],
      [
       -83.19535447161319,
       35.244496004138306
      ],
      [
       -83.19369654318339,
       35.24453656385083
      ],
      [
       -83.19360134000482,
       35.2445355060386
      ],
      [
       -83.19350660601454,
       35.24452768974844
      ],
      [
       -83.193413052778,
       35.24451317368911
      ],
      [
       -83.19254574324519,
       35.24434636565505
      ],
      [
       -83.1895595577703,
       35.24415488103854
      ],
      [
       -83.18893166469016,
       35.244219717751726
      ],
      [
       -83.1882005642443,
       35.24447732234435
      ],
      [
       -83.18812508124185,
       35.244670507983294
      ],
      [
       -83.18809644270738,
       35.24473519484147
      ],
      [
       -83.18806187088981,
       35.24479790038753
      ],
      [
       -83.18776677008047,
       35.245282921170755
      ],
      [
       -83.18770091440507,
       35.245956010004285
      ],
      [
       -83.18768497163602,
       35.24605280352967
      ],
      [
       -83.1874468460202,
       35.24707670430105
      ],
      [
       -83.18736863331685,
       35.24798519558321
      ],
      [
       -83.18735574765236,
       35.24807311620132
      ],
      [
       -83.1873324062278,
       35.2481595750735
      ],
      [
       -83.18729883434928,
       35.24824373752135
      ],
      [
       -83.1872553560909,
       35.24832479103365
      ],
      [
       -83.18720239116718,
       35.24840195311064
      ],
      [
       -83.18714045088214,
       35.24847447881858
      ],
      [
       -83.18700496905974,
       35.24861759899461
      ],
      [
       -83.1868424537385,
       35.24887132221321
      ],
      [
       -83.18656784856512,
       35.24993956335884
      ],
      [
       -83.18654300775518,
       35.25001837760574
      ],
      [
       -83.18650959891241,
       35.25009503167709
      ],
      [
       -83.18646789457767,
       35.25016890019299
      ],
      [
       -83.18641823497293,
       35.25023938049765
      ],
      [
       -83.18636102522616,
       35.250305897576396
      ],
      [
       -83.18629673206665,
       35.250367908747094
      ],
      [
       -83.18595303306661,
       35.250670572699306
      ],
      [
       -83.18582078660377,
       35.25082072521667
      ],
      [
       -83.1857626079958,
       35.250964296817656
      ],
      [
       -83.18572169229576,
       35.251050282549585
      ],
      [
       -83.1856702697269,
       35.251132384417005
      ],
      [
       -83.1856088796365,
       35.25120974124126
      ],
      [
       -83.18538578111288,
       35.2514616388139
      ],
      [
       -83.18531719109835,
       35.251531489380206
      ],
      [
       -83.18524047685581,
       35.25159540163175
      ],
      [
       -83.18515639815227,
       35.2516527425744
      ],
      [
       -83.18515543176176,
       35.251653337506646
      ],
      [
       -83.18510446532306,
       35.25174411618157
      ],
      [
       -83.18505746479323,
       35.251818518024045
      ],
      [
       -83.18500224323597,
       35.25188901744109
      ],
      [
       -83.18493927801994,
       35.251955004965595
      ],
      [
       -83.18486911346157,
       35.25201591013419
      ],
      [
       -83.18479235611993,
       35.252071206419174
      ],
      [
       -83.18470966955302,
       35.25212041578068
      ],
      [
       -83.18467571719496,
       35.25213690781216
      ],
      [
       -83.18466893132047,
       35.25216332361615
      ],
      [
       -83.18464144655029,
       35.25223777936608
      ],
      [
       -83.18460623666066,
       35.25231001350578
      ],
      [
       -83.18456356396696,
       35.25237948784526
      ],
      [
       -83.18433460654997,
       35.2527153372064
      ],
      [
       -83.18436628027305,
       35.25306304556872
      ],
      [
       -83.18436907474933,
       35.25314981113204
      ],
      [
       -83.18436168145458,
       35.2532363948386
      ],
      [
       -83.18434416892552,
       35.25332199366754
      ],
      [
       -83.18381529347373,
       35.25531389439798
      ],
      [
       -83.18379409365521,
       35.255381155101354
      ],
      [
       -83.1837666407238,
       35.255446876555865
      ],
      [
       -83.18343225164058,
       35.256156882079715
      ],
      [
       -83.18339207371106,
       35.256231863279844
      ],
      [
       -83.18334376291621,
       35.25630354302366
      ],
      [
       -83.183287718217,
       35.25637132933239
      ],
      [
       -83.18322440244951,
       35.25643466238034
      ],
      [
       -83.1829734000732,
       35.256663665039675
      ],
      [
       -83.18288711915353,
       35.256734109434554
      ],
      [
       -83.18279186703123,
       35.256796292409504
      ],
      [
       -83.18258593496633,
       35.25691606871611
      ],
      [
       -83.18258605899578,
       35.257077674915095
      ],
      [
       -83.18261983861245,
       35.257146864498424
      ],
      [
       -83.18314451540161,
       35.25771345703986
      ],
      [
       -83.18320909086941,
       35.257791325139564
      ],
      [
       -83.18326340763218,
       35.25787429515323
      ],
      [
       -83.18330687260936,
       35.25796146118514
      ],
      [
       -83.18333901119898,
       35.25805187152324
      ],
      [
       -83.18335947246095,
       35.25814453902988
      ],
      [
       -83.18336803295017,
       35.2582384519194
      ],
      [
       -83.18338416987683,
       35.258830339572036
      ],
      [
       -83.18342397366366,
       35.258846723695086
      ],
      [
       -83.18351335596586,
       35.25889281431079
      ],
      [
       -83.18359693274222,
       35.258945728240136
      ],
      [
       -83.18367393240187,
       35.25900497698168
      ],
      [
       -83.18374364406942,
       35.25907001355012
      ],
      [
       -83.18380542414766,
       35.259140237525706
      ],
      [
       -83.18385870225963,
       35.25921500059701
      ],
      [
       -83.18390298651471,
       35.2592936125458
      ],
      [
       -83.18393786805045,
       35.259375347618814
      ],
      [
       -83.18396302480798,
       35.259459451227805
      ],
      [
       -83.1839782245063,
       35.259545146915585
      ],
      [
       -83.1839833267877,
       35.25963164352432
      ],
      [
       -83.18397828451472,
       35.2597181424995
      ],
      [
       -83.18389509305395,
       35.260427943900226
      ],
      [
       -83.18388026448572,
       35.260512325016784
      ],
      [
       -83.18385578160729,
       35.26059517942751
      ],
      [
       -83.18382186345748,
       35.26067576576674
      ],
      [
       -83.18377881350249,
       35.260753362960784
      ],
      [
       -83.18372701692152,
       35.26082727668035
      ],
      [
       -83.18366848036422,
       35.260895058615475
      ],
      [
       -83.18372191701563,
       35.26096168913821
      ],
      [
       -83.18377390461826,
       35.261043760101074
      ],
      [
       -83.1838153638502,
       35.26112976883899
      ],
      [
       -83.18384585809254,
       35.26121880963848
      ],
      [
       -83.18386506618931,
       35.26130994485417
      ],
      [
       -83.18387278583094,
       35.261402214782386
      ],
      [
       -83.18386893568612,
       35.26149464776708
      ],
      [
       -83.18385355625993,
       35.26158627043191
      ],
      [
       -83.18382680946898,
       35.26167611793043
      ],
      [
       -83.18365971402233,
       35.26213402517196
      ],
      [
       -83.18362350228887,
       35.26221793069824
      ],
      [
       -83.1835773764305,
       35.26229849747457
      ],
      [
       -83.18352178629318,
       35.2623749397161
      ],
      [
       -83.18345727403432,
       35.262446511863146
      ],
      [
       -83.18338446883584,
       35.26251251585315
      ],
      [
       -83.18321491196075,
       35.26265174870557
      ],
      [
       -83.18322622919784,
       35.2630320062652
      ],
      [
       -83.1832432768326,
       35.263063691539045
      ],
      [
       -83.18327690628,
       35.26314762062031
      ],
      [
       -83.18330035552079,
       35.26323384691725
      ],
      [
       -83.18331339921089,
       35.26332154192543
      ],
      [
       -83.18331591198617,
       35.263409863025664
      ],
      [
       -83.18330786966833,
       35.2634979615803
      ],
      [
       -83.18316021780763,
       35.264471429779
      ],
      [
       -83.18380296341408,
       35.26534883662726
      ],
      [
       -83.18385002982053,
       35.26542017257684
      ],
      [
       -83.18388908588759,
       35.265494690113215
      ],
      [
       -83.18391981527063,
       35.26557178570423
      ],
      [
       -83.18394196906216,
       35.2656508349359
      ],
      [
       -83.18395536780838,
       35.26573119756953
      ],
      [
       -83.18395990296342,
       35.26581222272704
      ],
      [
       -83.18396031122326,
       35.266201425532934
      ],
      [
       -83.18395563598504,
       35.26628525209973
      ],
      [
       -83.18394147490258,
       35.26636835870153
      ],
      [
       -83.1839179507086,
       35.26645002489133
      ],
      [
       -83.1838852673057,
       35.2665295427068
      ],
      [
       -83.18386839319636,
       35.266560676748384
      ],
      [
       -83.18397537649122,
       35.26711420197969
      ],
      [
       -83.18398802559561,
       35.267218789963906
      ],
      [
       -83.18398574265431,
       35.26732387450238
      ],
      [
       -83.18395804567007,
       35.26762156960593
      ],
      [
       -83.18394535858572,
       35.26770562526684
      ],
      [
       -83.18392310649841,
       35.26778833301147
      ],
      [
       -83.18391687901878,
       35.26780421247947
      ],
      [
       -83.18394566277424,
       35.26787288862393
      ],
      [
       -83.18396998553601,
       35.267955605932755
      ],
      [
       -83.1839846884569,
       35.26803983577098
      ],
      [
       -83.18398964045683,
       35.268124827380056
      ],
      [
       -83.18398984578741,
       35.2684452242214
      ],
      [
       -83.18398503198082,
       35.26852996469561
      ],
      [
       -83.18397052455975,
       35.26861395859291
      ],
      [
       -83.18394645202572,
       35.268696461752334
      ],
      [
       -83.18391302762585,
       35.268776743218154
      ],
      [
       -83.18387054746464,
       35.268854091716044
      ],
      [
       -83.18381938788134,
       35.26892782195499
      ],
      [
       -83.18376000211661,
       35.268997280699075
      ],
      [
       -83.18369291629737,
       35.26906185255522
      ],
      [
       -83.18361872477604,
       35.269120965425806
      ],
      [
       -83.18353808486486,
       35.26917409557774
      ],
      [
       -83.183231179752,
       35.26935750024713
      ],
      [
       -83.18321255430472,
       35.269367552656384
      ],
      [
       -83.18326923768173,
       35.2695876492683
      ],
      [
       -83.18328646298848,
       35.26967604675502
      ],
      [
       -83.18329291049194,
       35.269765409604354
      ],
      [
       -83.18328851654798,
       35.269854856195664
      ],
      [
       -83.1832733244701,
       35.269943504079336
      ],
      [
       -83.18315943074526,
       35.27043097677407
      ],
      [
       -83.18320872752147,
       35.27119123986359
      ],
      [
       -83.18320889623472,
       35.271284281147544
      ],
      [
       -83.1831973675456,
       35.27137684091087
      ],
      [
       -83.18318597356281,
       35.27142176525065
      ],
      [
       -83.18338104272274,
       35.271679797249185
      ],
      [
       -83.18343661643682,
       35.271762737791875
      ],
      [
       -83.18348127873551,
       35.27185000011375
      ],
      [
       -83.18351453714061,
       35.27194062206679
      ],
      [
       -83.18379434746154,
       35.27287902020699
      ],
      [
       -83.18381496824527,
       35.27296686626728
      ],
      [
       -83.18382486801036,
       35.273055956047166
      ],
      [
       -83.1838239491856,
       35.27314541180182
      ],
      [
       -83.18379635744795,
       35.27353460785968
      ],
      [
       -83.18378467458527,
       35.273623312380494
      ],
      [
       -83.18376235411584,
       35.273710634965454
      ],
      [
       -83.18372961474601,
       35.273795719853695
      ],
      [
       -83.1836867772899,
       35.273877733211044
      ],
      [
       -83.18363426152666,
       35.273955871301844
      ],
      [
       -83.18357258208755,
       35.27402936836591
      ],
      [
       -83.18348656208065,
       35.274121722928726
      ],
      [
       -83.18354759906748,
       35.27422793439512
      ],
      [
       -83.18366998235415,
       35.27437817531085
      ],
      [
       -83.18372445660259,
       35.27445256979258
      ],
      [
       -83.18376995397144,
       35.27453091561184
      ],
      [
       -83.18380605266209,
       35.27461248648182
      ],
      [
       -83.18383241800093,
       35.27469652621655
      ],
      [
       -83.18384880554272,
       35.2747822557407
      ],
      [
       -83.18393301297681,
       35.27542315368075
      ],
      [
       -83.18393914403798,
       35.27550278973979
      ],
      [
       -83.18396116326934,
       35.2764647459237
      ],
      [
       -83.18406890019433,
       35.276503930428596
      ],
      [
       -83.18416433928412,
       35.27654330006595
      ],
      [
       -83.18425466628867,
       35.27659008236693
      ],
      [
       -83.18433902772291,
       35.276643835296824
      ],
      [
       -83.18441662646448,
       35.276704050956454
      ],
      [
       -83.18448672928545,
       35.27677016038092
      ],
      [
       -83.18454867378038,
       35.27684153891519
      ],
      [
       -83.18460187462554,
       35.27691751211595
      ],
      [
       -83.185272577607,
       35.27799320640694
      ],
      [
       -83.18531536174949,
       35.27807062851041
      ],
      [
       -83.18534906114955,
       35.27815101145905
      ],
      [
       -83.18537337603284,
       35.278233640267146
      ],
      [
       -83.18538809009556,
       35.27831777997049
      ],
      [
       -83.18539172251211,
       35.27837967872531
      ],
      [
       -83.18587280316066,
       35.27920487091367
      ],
      [
       -83.18590782299569,
       35.279271753774125
      ],
      [
       -83.18593614691152,
       35.27934073581434
      ],
      [
       -83.18610414457882,
       35.279812021685814
      ],
      [
       -83.18673067470975,
       35.280837943376916
      ],
      [
       -83.18677632904789,
       35.280923506603735
      ],
      [
       -83.18681093988852,
       35.28101248459573
      ],
      [
       -83.18683413553376,
       35.28110392188012
      ],
      [
       -83.186927017708,
       35.28159699348967
      ],
      [
       -83.18701671198859,
       35.28178041219286
      ],
      [
       -83.18734131741282,
       35.281688088061294
      ],
      [
       -83.18802745318712,
       35.2812995772869
      ],
      [
       -83.18811908971061,
       35.281252961086125
      ],
      [
       -83.18821585610544,
       35.28121393274224
      ],
      [
       -83.18831682087813,
       35.28118286794641
      ],
      [
       -83.18842101212493,
       35.28116006573111
      ],
      [
       -83.18881191016274,
       35.28109116361554
      ],
      [
       -83.18891075542928,
       35.28107757300925
      ],
      [
       -83.18901069948868,
       35.281071422146674
      ],
      [
       -83.18911091131164,
       35.28107276217093
      ],
      [
       -83.18921055764291,
       35.28108158193877
      ],
      [
       -83.18930880992895,
       35.28109780811332
      ],
      [
       -83.18931797833041,
       35.281099682616976
      ],
      [
       -83.18968539140508,
       35.28074598684502
      ],
      [
       -83.18977853401103,
       35.280666691412804
      ],
      [
       -83.18988277232322,
       35.28059730015524
      ],
      [
       -83.1902734708242,
       35.280368197258795
      ],
      [
       -83.19035554498664,
       35.28032446297632
      ],
      [
       -83.19044203863479,
       35.28028688967732
      ],
      [
       -83.19053226580318,
       35.280255775345545
      ],
      [
       -83.19062551091962,
       35.28023136673989
      ],
      [
       -83.1907210344797,
       35.28021385743759
      ],
      [
       -83.19109985924537,
       35.280158812960586
      ],
      [
       -83.19107276294038,
       35.279893936191854
      ],
      [
       -83.19106901003678,
       35.279806828458604
      ],
      [
       -83.19107553610384,
       35.279719830814685
      ],
      [
       -83.19109228007002,
       35.27963375695397
      ],
      [
       -83.19111908529621,
       35.279549411927576
      ],
      [
       -83.19115570104199,
       35.27946758461426
      ],
      [
       -83.1918524114929,
       35.278116494874986
      ],
      [
       -83.1919034728387,
       35.27803050345966
      ],
      [
       -83.19196535930939,
       35.2779494334838
      ],
      [
       -83.19203737392249,
       35.27787419793746
      ],
      [
       -83.19211870564153,
       35.27780564410214
      ],
      [
       -83.19235683079114,
       35.277625162764
      ],
      [
       -83.19277348318474,
       35.27702627571296
      ],
      [
       -83.19286706081981,
       35.27678694222239
      ],
      [
       -83.19284895986638,
       35.27673159523947
      ],
      [
       -83.19283095390618,
       35.276638663715744
      ],
      [
       -83.19282486188213,
       35.27654469917838
      ],
      [
       -83.19282426631196,
       35.27599520390287
      ],
      [
       -83.19282924958536,
       35.27590867097965
      ],
      [
       -83.19284434087957,
       35.27582293014055
      ],
      [
       -83.19286940073339,
       35.275738773550074
      ],
      [
       -83.1929041975873,
       35.27565697873328
      ],
      [
       -83.19294840992394,
       35.27557830139235
      ],
      [
       -83.19458888360674,
       35.27299353245998
      ],
      [
       -83.19472443832305,
       35.272547530470334
      ],
      [
       -83.1947540363059,
       35.27246654353826
      ],
      [
       -83.19479275784391,
       35.272388187435745
      ],
      [
       -83.19484026216186,
       35.27231315169526
      ],
      [
       -83.19489613119944,
       35.27224209662816
      ],
      [
       -83.19510996652546,
       35.27199627203121
      ],
      [
       -83.19510983070366,
       35.271842935844944
      ],
      [
       -83.19501532511256,
       35.27175363439942
      ],
      [
       -83.194948296597,
       35.27168358614972
      ],
      [
       -83.19489002376089,
       35.27160845556227
      ],
      [
       -83.19484107537892,
       35.271528975983465
      ],
      [
       -83.19480192920577,
       35.271445923207914
      ],
      [
       -83.19477296731363,
       35.271360107905814
      ],
      [
       -83.19475447236375,
       35.27127236770962
      ],
      [
       -83.19474662484872,
       35.27118355903782
      ],
      [
       -83.19474950133187,
       35.27109454873543
      ],
      [
       -83.19477710234732,
       35.270796950837365
      ],
      [
       -83.19478938977183,
       35.27071469800034
      ],
      [
       -83.19481083734868,
       35.27063371840797
      ],
      [
       -83.19484126373028,
       35.27055469667106
      ],
      [
       -83.19488041166319,
       35.270478300846456
      ],
      [
       -83.19534627175608,
       35.269674760222166
      ],
      [
       -83.19538861971299,
       35.269094187383345
      ],
      [
       -83.19540005585544,
       35.26900770523138
      ],
      [
       -83.19542160490283,
       35.2689225301107
      ],
      [
       -83.19545306607341,
       35.26883945550942
      ],
      [
       -83.19549414624679,
       35.268759255344875
      ],
      [
       -83.1955444626957,
       35.268682676754025
      ],
      [
       -83.19560354665235,
       35.26861043313341
      ],
      [
       -83.19567084767624,
       35.26854319749354
      ],
      [
       -83.19574573878252,
       35.268481596189574
      ],
      [
       -83.19621429023348,
       35.26813171009532
      ],
      [
       -83.19648640143726,
       35.267701896462775
      ],
      [
       -83.19653560701762,
       35.26763201342959
      ],
      [
       -83.19659223719214,
       35.26756602023801
      ],
      [
       -83.19665583793326,
       35.26750444596157
      ],
      [
       -83.19672589933332,
       35.26744778424562
      ],
      [
       -83.19700480408703,
       35.26724158393791
      ],
      [
       -83.19708449219817,
       35.2671880031591
      ],
      [
       -83.19716994928652,
       35.267140779518925
      ],
      [
       -83.19726042394899,
       35.26710032823708
      ],
      [
       -83.19910190371417,
       35.26636663997281
      ],
      [
       -83.19922592349667,
       35.26632469252373
      ],
      [
       -83.20133711130427,
       35.26573144433205
      ],
      [
       -83.2029528028784,
       35.26499142894178
      ],
      [
       -83.20303990836312,
       35.26495559127683
      ],
      [
       -83.20313054249084,
       35.26492622370955
      ],
      [
       -83.20384713045912,
       35.26472366699437
      ],
      [
       -83.2046212372451,
       35.26422262057315
      ],
      [
       -83.20472513859129,
       35.26416301215147
      ],
      [
       -83.20483672040702,
       35.26411361713036
      ],
      [
       -83.20525541729636,
       35.263953118842124
      ],
      [
       -83.20534970462445,
       35.26392125932959
      ],
      [
       -83.20544718684936,
       35.263896705627666
      ],
      [
       -83.20554702448017,
       35.26387966918467
      ],
      [
       -83.20668581185232,
       35.26373016810584
      ],
      [
       -83.20728353120892,
       35.26356629791497
      ],
      [
       -83.20762533982582,
       35.26336800490541
      ],
      [
       -83.20770680143234,
       35.26332503455086
      ],
      [
       -83.20779255991037,
       35.263288114313674
      ],
      [
       -83.20788194902302,
       35.26325753101505
      ],
      [
       -83.20912888548585,
       35.26288290856531
      ],
      [
       -83.20986458685172,
       35.26233034603904
      ],
      [
       -83.21041358295173,
       35.26171511615881
      ],
      [
       -83.21047323941391,
       35.26165401729887
      ],
      [
       -83.2128174818191,
       35.259455893740224
      ],
      [
       -83.21349087586451,
       35.25872549736224
      ],
      [
       -83.21353973189898,
       35.25867621595166
      ],
      [
       -83.21490594201637,
       35.257393228074235
      ],
      [
       -83.21493485952462,
       35.257367120768194
      ],
      [
       -83.21685730486908,
       35.255698264497454
      ],
      [
       -83.21750687815008,
       35.25492957858298
      ],
      [
       -83.21757521985943,
       35.25485690738066
      ],
      [
       -83.21765221755503,
       35.25479031429709
      ],
      [
       -83.21773707272024,
       35.254730489927496
      ],
      [
       -83.21835057494418,
       35.25434069437863
      ],
      [
       -83.21844377736967,
       35.254287559381424
      ],
      [
       -83.21854316518146,
       35.25424259492421
      ],
      [
       -83.2186476777744,
       35.25420628083434
      ],
      [
       -83.21875619986052,
       35.25417900462782
      ],
      [
       -83.21920258947256,
       35.2540871997678
      ],
      [
       -83.21930828484038,
       35.2540699318502
      ],
      [
       -83.21941553412245,
       35.25406124074171
      ],
      [
       -83.2195233054897,
       35.2540612100569
      ],
      [
       -83.21963056209094,
       35.25406984008974
      ],
      [
       -83.21973627202728,
       35.25408704781074
      ],
      [
       -83.21983941827884,
       35.25411266766583
      ],
      [
       -83.21993900848855,
       35.25414645316896
      ],
      [
       -83.2200340845085,
       35.25418807927334
      ],
      [
       -83.22040481483833,
       35.25437009336376
      ],
      [
       -83.22094200696442,
       35.25443495383772
      ],
      [
       -83.22106747186639,
       35.25445629678438
      ],
      [
       -83.22118905442589,
       35.25448947600198
      ],
      [
       -83.2218336318965,
       35.254700355509854
      ],
      [
       -83.22270296155448,
       35.254517815865725
      ],
      [
       -83.223303061515,
       35.25347414533019
      ],
      [
       -83.22335519838946,
       35.25339416717927
      ],
      [
       -83.22341687047088,
       35.253318892194166
      ],
      [
       -83.22348745320652,
       35.25324908265181
      ],
      [
       -83.22412855457291,
       35.25267628585735
      ],
      [
       -83.22421340395448,
       35.25260824711624
      ],
      [
       -83.22430670311452,
       35.25254811075247
      ],
      [
       -83.22440736389044,
       35.252496578133034
      ],
      [
       -83.22451421226872,
       35.252454250278404
      ],
      [
       -83.22505698808737,
       35.252268164979235
      ],
      [
       -83.22530348061065,
       35.25211622752326
      ],
      [
       -83.22606521358968,
       35.25140660596994
      ],
      [
       -83.22614806513323,
       35.25133732817348
      ],
      [
       -83.22623951720279,
       35.25127575972507
      ],
      [
       -83.22633850938459,
       35.251222614515314
      ],
      [
       -83.22644389384388,
       35.251178508765115
      ],
      [
       -83.22824235894512,
       35.25052335983201
      ],
      [
       -83.22975326799614,
       35.24943074517295
      ],
      [
       -83.22983826593125,
       35.24937515830999
      ],
      [
       -83.22992954405531,
       35.249326733775824
      ],
      [
       -83.23104147250974,
       35.24879891536393
      ],
      [
       -83.23112547315276,
       35.248617533763486
      ],
      [
       -83.23116725501235,
       35.2485388267987
      ],
      [
       -83.23121797593713,
       35.248463737916886
      ],
      [
       -83.23127717571825,
       35.24839294838932
      ],
      [
       -83.23134431722345,
       35.248327100477965
      ],
      [
       -83.23201311261586,
       35.247731304859784
      ],
      [
       -83.23209806642446,
       35.247663379495236
      ],
      [
       -83.23219145276512,
       35.24760336430795
      ],
      [
       -83.23229218278422,
       35.24755195904236
      ],
      [
       -83.23239908201198,
       35.24750976305431
      ],
      [
       -83.23313460090051,
       35.24725858911754
      ],
      [
       -83.23315276282213,
       35.247224446023424
      ],
      [
       -83.23319772500282,
       35.247149581870005
      ],
      [
       -83.2332509360687,
       35.2470784505664
      ],
      [
       -83.23331193971677,
       35.24701166205869
      ],
      [
       -83.233380212827,
       35.24694978905222
      ],
      [
       -83.2334551699484,
       35.24689336210097
      ],
      [
       -83.23353616831942,
       35.24684286505834
      ],
      [
       -83.23422255410905,
       35.24645471648891
      ],
      [
       -83.2343535945184,
       35.245714220610964
      ],
      [
       -83.23437751299923,
       35.24561702572072
      ],
      [
       -83.23441430200502,
       35.24552257458649
      ],
      [
       -83.23446351618281,
       35.2454320104815
      ],
      [
       -83.23493672429069,
       35.24467601801075
      ],
      [
       -83.23499061800457,
       35.24459941748693
      ],
      [
       -83.23505340430296,
       35.24452751938228
      ],
      [
       -83.23512447850695,
       35.244461016102065
      ],
      [
       -83.23520315612707,
       35.244400548095605
      ],
      [
       -83.23528867945552,
       35.24434669768892
      ],
      [
       -83.23538022486328,
       35.24429998347706
      ],
      [
       -83.23547691073179,
       35.24426085533041
      ],
      [
       -83.23557780594298,
       35.24422969006257
      ],
      [
       -83.2356819388456,
       35.244206787801964
      ],
      [
       -83.23578830661184,
       35.24419236910186
      ],
      [
       -83.23589588489398,
       35.24418657281648
      ],
      [
       -83.23600363768819,
       35.2441894547642
      ],
      [
       -83.23611052731054,
       35.24420098718988
      ],
      [
       -83.23621552438914,
       35.24422105903231
      ],
      [
       -83.2363176177762,
       35.24424947699372
      ],
      [
       -83.23641582428479,
       35.244285967401055
      ],
      [
       -83.23650919815638,
       35.24433017884134
      ],
      [
       -83.23659684016806,
       35.24438168554565
      ],
      [
       -83.23667790629189,
       35.244439991489045
      ],
      [
       -83.23675161582281,
       35.244504535167025
      ],
      [
       -83.23681725889703,
       35.24457469500267
      ],
      [
       -83.23687420332853,
       35.24464979533217
      ],
      [
       -83.2369219006975,
       35.24472911291135
      ],
      [
       -83.23695989163251,
       35.244811883880374
      ],
      [
       -83.23698781023533,
       35.2448973111197
      ],
      [
       -83.23700538760559,
       35.24498457192637
      ],
      [
       -83.23701245443155,
       35.24507282593683
      ],
      [
       -83.237008942622,
       35.24516122321977
      ],
      [
       -83.23699488596318,
       35.245248912461406
      ],
      [
       -83.23697041979486,
       35.24533504916404
      ],
      [
       -83.23693577970805,
       35.245418803779124
      ],
      [
       -83.23689129927756,
       35.24549936969651
      ],
      [
       -83.23650172461802,
       35.24612177583443
      ],
      [
       -83.23636192885772,
       35.24691186450047
      ],
      [
       -83.23634034552266,
       35.24700156195777
      ],
      [
       -83.2363077951807,
       35.24708900398361
      ],
      [
       -83.23626461278684,
       35.24717329067276
      ],
      [
       -83.23621124271908,
       35.24725355459021
      ],
      [
       -83.23598854704885,
       35.24755145221441
      ],
      [
       -83.23592367352589,
       35.247628866834866
      ],
      [
       -83.2358493289849,
       35.247700321145416
      ],
      [
       -83.23576632118294,
       35.247765038767255
      ],
      [
       -83.23567555201336,
       35.24782231651632
      ],
      [
       -83.2350412991146,
       35.24818099011865
      ],
      [
       -83.23497175157604,
       35.24831173970604
      ],
      [
       -83.23492520816107,
       35.24838894938263
      ],
      [
       -83.23486989219313,
       35.248462161552496
      ],
      [
       -83.23480630891615,
       35.24853070748034
      ],
      [
       -83.23473503909369,
       35.248593961051526
      ],
      [
       -83.2346567337046,
       35.24865134449148
      ],
      [
       -83.23457210799705,
       35.24870233364357
      ],
      [
       -83.23448193495541,
       35.248746462757204
      ],
      [
       -83.23438703823938,
       35.24878332874262
      ],
      [
       -83.23346615484688,
       35.2490978082452
      ],
      [
       -83.23310428050978,
       35.24942018957649
      ],
      [
       -83.2329568479203,
       35.249738554872415
      ],
      [
       -83.2329139447258,
       35.24981912340752
      ],
      [
       -83.23286167561196,
       35.24989587933066
      ],
      [
       -83.23280053798848,
       35.249968092168885
      ],
      [
       -83.23273111366966,
       35.25003507468296
      ],
      [
       -83.232654063338,
       35.25009618940809
      ],
      [
       -83.23257012025682,
       35.250150854720964
      ],
      [
       -83.23248008329223,
       35.2501985503754
      ],
      [
       -83.23112451549567,
       35.25084203054782
      ],
      [
       -83.22956894919871,
       35.251966951773895
      ],
      [
       -83.22948167323703,
       35.252023877367535
      ],
      [
       -83.22938781280078,
       35.25207325345092
      ],
      [
       -83.22928833463448,
       35.2521145714528
      ],
      [
       -83.22755549585031,
       35.252745821477156
      ],
      [
       -83.22687820781661,
       35.25337678547209
      ],
      [
       -83.2267998229854,
       35.253442691109036
      ],
      [
       -83.22671364946497,
       35.253501692528275
      ],
      [
       -83.22626735101176,
       35.2537767929982
      ],
      [
       -83.22619240329976,
       35.2538191243924
      ],
      [
       -83.22611344214421,
       35.25385622331425
      ],
      [
       -83.22603100916905,
       35.2538878352854
      ],
      [
       -83.22558414122672,
       35.25404104128413
      ],
      [
       -83.225219231533,
       35.25436707849968
      ],
      [
       -83.2245662611504,
       35.25550274356969
      ],
      [
       -83.22451351413338,
       35.25558355351534
      ],
      [
       -83.2244510328161,
       35.255659550710696
      ],
      [
       -83.22437946350848,
       35.25572994900369
      ],
      [
       -83.22429954653674,
       35.25579402015791
      ],
      [
       -83.22421210858559,
       35.25585110138621
      ],
      [
       -83.22382180809807,
       35.25608030548877
      ],
      [
       -83.22373638192477,
       35.25612571470849
      ],
      [
       -83.22364619884519,
       35.256164444120955
      ],
      [
       -83.22355203295388,
       35.25619616128518
      ],
      [
       -83.2234546925357,
       35.2562205939505
      ],
      [
       -83.22203167761305,
       35.256519395644546
      ],
      [
       -83.22191859656046,
       35.25653801395291
      ],
      [
       -83.22180375910052,
       35.25654680659483
      ],
      [
       -83.22168843063248,
       35.256545676682215
      ],
      [
       -83.22157388196693,
       35.25653463666409
      ],
      [
       -83.22146137532137,
       35.25651380818942
      ],
      [
       -83.22135215041028,
       35.25648342076661
      ],
      [
       -83.22049457592027,
       35.25620285936336
      ],
      [
       -83.21986828985867,
       35.25612724127071
      ],
      [
       -83.21976238041957,
       35.25611005581645
      ],
      [
       -83.21965903847486,
       35.25608442761323
      ],
      [
       -83.21955926179209,
       35.25605060410099
      ],
      [
       -83.21946401371312,
       35.256008911845356
      ],
      [
       -83.21937908872624,
       35.25596721721365
      ],
      [
       -83.21921653433678,
       35.25607049894172
      ],
      [
       -83.21861604738544,
       35.256781115177255
      ],
      [
       -83.21856628323641,
       35.2568355021204
      ],
      [
       -83.2185116613612,
       35.2568866566014
      ],
      [
       -83.21654693478858,
       35.25859224972619
      ],
      [
       -83.21522036720752,
       35.25983803532395
      ],
      [
       -83.21454674574392,
       35.260568695670024
      ],
      [
       -83.21449737750508,
       35.26061845772686
      ],
      [
       -83.21215883160478,
       35.26281128610801
      ],
      [
       -83.21157374246319,
       35.26346697918253
      ],
      [
       -83.21150542490632,
       35.26353610238989
      ],
      [
       -83.21142912949223,
       35.26359936332613
      ],
      [
       -83.21045293185773,
       35.264332565291966
      ],
      [
       -83.21037045064911,
       35.26438870121006
      ],
      [
       -83.2102816936912,
       35.26443797964369
      ],
      [
       -83.21018750539267,
       35.264479931764804
      ],
      [
       -83.21008878183972,
       35.26451415844587
      ],
      [
       -83.20877513136344,
       35.26490882852839
      ],
      [
       -83.20842027596676,
       35.265114691796626
      ],
      [
       -83.20832976247821,
       35.265161939488486
      ],
      [
       -83.20823406236777,
       35.26520172246396
      ],
      [
       -83.20813408795449,
       35.265233661463775
      ],
      [
       -83.2072969784004,
       35.26546316413254
      ],
      [
       -83.20721051472164,
       35.265483680876365
      ],
      [
       -83.20712229374095,
       35.26549832508372
      ],
      [
       -83.20604646234551,
       35.26563956328794
      ],
      [
       -83.20588273873226,
       35.265702323534676
      ],
      [
       -83.20506227527076,
       35.26623337931287
      ],
      [
       -83.20496153545903,
       35.266291381607395
      ],
      [
       -83.20485351843844,
       35.26633978022002
      ],
      [
       -83.20473957939987,
       35.26637796793066
      ],
      [
       -83.20393907847736,
       35.26660424645696
      ],
      [
       -83.20232250426251,
       35.267344670073335
      ],
      [
       -83.20223450259226,
       35.26738083463467
      ],
      [
       -83.20214290810176,
       35.26741039588237
      ],
      [
       -83.20000185926655,
       35.2680120399355
      ],
      [
       -83.19836080949008,
       35.26866587741358
      ],
      [
       -83.19834531848511,
       35.26867733042116
      ],
      [
       -83.1980745165499,
       35.26910509098374
      ],
      [
       -83.19802604763105,
       35.26917402822787
      ],
      [
       -83.1979703529269,
       35.26923919042627
      ],
      [
       -83.19790786662153,
       35.269300069567805
      ],
      [
       -83.19783907585031,
       35.269356191031285
      ],
      [
       -83.19755590772739,
       35.26956764857075
      ],
      [
       -83.19752749641408,
       35.269957298731285
      ],
      [
       -83.19751615433846,
       35.27004330198792
      ],
      [
       -83.1974948105987,
       35.27012801731665
      ],
      [
       -83.19746366179525,
       35.27021066426829
      ],
      [
       -83.19742299486093,
       35.27029048144637
      ],
      [
       -83.19705232397293,
       35.270929866158625
      ],
      [
       -83.19710751502006,
       35.27098773041827
      ],
      [
       -83.19716720719003,
       35.27106550228086
      ],
      [
       -83.19721693223809,
       35.271147854826815
      ],
      [
       -83.1972561731674,
       35.27123393187733
      ],
      [
       -83.19728452197506,
       35.271322838529166
      ],
      [
       -83.19730168389513,
       35.271413650458214
      ],
      [
       -83.19730748046459,
       35.27150542352908
      ],
      [
       -83.19730819098739,
       35.27228382313947
      ],
      [
       -83.1973024068485,
       35.272376846067175
      ],
      [
       -83.19728494631903,
       35.272468882632474
      ],
      [
       -83.1972559958544,
       35.272558949798345
      ],
      [
       -83.19721586463585,
       35.272646085559565
      ],
      [
       -83.19716498126961,
       35.27272935921807
      ],
      [
       -83.19710388921044,
       35.27280788132399
      ],
      [
       -83.19680670176396,
       35.27314953824082
      ],
      [
       -83.19669017883865,
       35.27353295411484
      ],
      [
       -83.19665155117012,
       35.27363422640956
      ],
      [
       -83.19659867683121,
       35.273731073661956
      ],
      [
       -83.19502258252878,
       35.27621451088488
      ],
      [
       -83.1950227352763,
       35.27635200935511
      ],
      [
       -83.19503979761579,
       35.27638344851467
      ],
      [
       -83.19508081027001,
       35.276471027199094
      ],
      [
       -83.19511049902823,
       35.27656162750773
      ],
      [
       -83.19512854217079,
       35.2766542677733
      ],
      [
       -83.19513474415729,
       35.27674794422205
      ],
      [
       -83.1951290377471,
       35.27684164184957
      ],
      [
       -83.19511148472955,
       35.27693434541862
      ],
      [
       -83.19508227525633,
       35.27702505045928
      ],
      [
       -83.1948315858994,
       35.27766625633363
      ],
      [
       -83.19479105888462,
       35.277753937044004
      ],
      [
       -83.19473964175211,
       35.277837690257634
      ],
      [
       -83.19418204757908,
       35.27863919137614
      ],
      [
       -83.1941215718045,
       35.27871664923389
      ],
      [
       -83.19405178393687,
       35.27878864957108
      ],
      [
       -83.19397341073994,
       35.278854442557844
      ],
      [
       -83.19378471811493,
       35.27899746046463
      ],
      [
       -83.19328591596232,
       35.27996480622163
      ],
      [
       -83.19331945179225,
       35.28029254318555
      ],
      [
       -83.19332327060897,
       35.280374554750466
      ],
      [
       -83.1933179754911,
       35.28045651113839
      ],
      [
       -83.19330361032058,
       35.28053773273045
      ],
      [
       -83.19328029419307,
       35.280617545999
      ],
      [
       -83.19325758529486,
       35.28067258976034
      ],
      [
       -83.19358464761787,
       35.28094038676351
      ],
      [
       -83.19423433252318,
       35.28127526079449
      ],
      [
       -83.19432167264313,
       35.28132527940491
      ],
      [
       -83.19510558478139,
       35.28182223931396
      ],
      [
       -83.19628610240719,
       35.28231380366569
      ],
      [
       -83.19663071162782,
       35.28226836893099
      ],
      [
       -83.19675628406137,
       35.2822578325173
      ],
      [
       -83.19688250164472,
       35.28225917119427
      ],
      [
       -83.19727340031419,
       35.282281769103996
      ],
      [
       -83.19739336103098,
       35.28229417059291
      ],
      [
       -83.19751093472108,
       35.28231730141441
      ],
      [
       -83.19762469861702,
       35.282350881659426
      ],
      [
       -83.19814975741777,
       35.28253319619125
      ],
      [
       -83.19844239032797,
       35.28244662545716
      ],
      [
       -83.19852891389111,
       35.28242429158214
      ],
      [
       -83.19861738868859,
       35.282407883955585
      ],
      [
       -83.19870721213337,
       35.282397514326206
      ],
      [
       -83.20005042356173,
       35.28228856103434
      ],
      [
       -83.20075329634176,
       35.282143941352665
      ],
      [
       -83.20085541477307,
       35.282127102283
      ],
      [
       -83.2009590185848,
       35.28211826541384
      ],
      [
       -83.20146151006573,
       35.28209506486987
      ],
      [
       -83.20155410833199,
       35.28209399342966
      ],
      [
       -83.20164648791526,
       35.28209931755933
      ],
      [
       -83.20173799302094,
       35.2821109994625
      ],
      [
       -83.20271528262329,
       35.28227059712052
      ],
      [
       -83.20281729118804,
       35.2822914592403
      ],
      [
       -83.20291640232705,
       35.28232021757438
      ],
      [
       -83.20301170925417,
       35.28235660900725
      ],
      [
       -83.20450329517419,
       35.28299901776265
      ],
      [
       -83.20466632913448,
       35.28303713978546
      ],
      [
       -83.20758644772035,
       35.283166860996026
      ],
      [
       -83.20770773139945,
       35.28317780880432
      ],
      [
       -83.20782678791217,
       35.28319971210174
      ],
      [
       -83.20794215008802,
       35.283232300965636
      ],
      [
       -83.20834258247861,
       35.28336623705286
      ],
      [
       -83.20917237982032,
       35.28334777342942
      ],
      [
       -83.2093068009923,
       35.28335153218025
      ],
      [
       -83.20943965588732,
       35.283368725082326
      ],
      [
       -83.21023660103374,
       35.283513311558465
      ],
      [
       -83.21069593333317,
       35.28345022905202
      ],
      [
       -83.21078646060018,
       35.28344094420914
      ],
      [
       -83.2108776150807,
       35.28343784737927
      ],
      [
       -83.21096876876277,
       35.28344095989734
      ],
      [
       -83.21362124342774,
       35.28362215698645
      ],
      [
       -83.21375047794488,
       35.28363736393401
      ],
      [
       -83.21387660177055,
       35.28366502852364
      ],
      [
       -83.21446309809501,
       35.283824827063924
      ],
      [
       -83.2145758764809,
       35.283861333001525
      ],
      [
       -83.21468306500614,
       35.28390780229359
      ],
      [
       -83.21478335933618,
       35.28396366947644
      ],
      [
       -83.2150503024083,
       35.2841307248337
      ],
      [
       -83.21523993770812,
       35.28415975716398
      ],
      [
       -83.21534487036371,
       35.28418023651692
      ],
      [
       -83.21544684973239,
       35.2842090506492
      ],
      [
       -83.21554489372514,
       35.2842459220726
      ],
      [
       -83.21563805814834,
       35.28429049570488
      ],
      [
       -83.21572544579594,
       35.28434234228909
      ],
      [
       -83.21580621508934,
       35.28440096252713
      ],
      [
       -83.2158795881818,
       35.28446579188773
      ],
      [
       -83.21594485844932,
       35.28453620604271
      ],
      [
       -83.21600139729581,
       35.284611526879026
      ],
      [
       -83.21604866020712,
       35.28469102902885
      ],
      [
       -83.21608619199561,
       35.28477394685479
      ],
      [
       -83.21611363118457,
       35.284859481822885
      ],
      [
       -83.21613071349039,
       35.28494681019261
      ],
      [
       -83.21613727436893,
       35.285035090949556
      ],
      [
       -83.21613325060136,
       35.28512347390474
      ],
      [
       -83.21611868090433,
       35.28521110788221
      ],
      [
       -83.21609370555844,
       35.28529714891635
      ],
      [
       -83.21605856505845,
       35.2853807683798
      ],
      [
       -83.21601359779855,
       35.285461160963834
      ],
      [
       -83.21595923681443,
       35.28553755243418
      ],
      [
       -83.21589600561377,
       35.285609207087724
      ],
      [
       -83.2158245131354,
       35.285675434838126
      ],
      [
       -83.21574544788525,
       35.28573559786227
      ],
      [
       -83.21565957130593,
       35.28578911674336
      ],
      [
       -83.21556771044358,
       35.28583547605156
      ],
      [
       -83.21547074998263,
       35.285874229308355
      ],
      [
       -83.21536962372534,
       35.28590500328696
      ],
      [
       -83.21526530559791,
       35.285927501607084
      ],
      [
       -83.21515880027013,
       35.28594150758965
      ],
      [
       -83.21505113347875,
       35.28594688634382
      ],
      [
       -83.21494334214783,
       35.28594358606633
      ],
      [
       -83.21483646440122,
       35.28593163854041
      ],
      [
       -83.2143896626176,
       35.28586323497632
      ],
      [
       -83.21428970407162,
       35.285843929952215
      ],
      [
       -83.21419237918359,
       35.28581705992324
      ],
      [
       -83.2140985375346,
       35.285782859446435
      ],
      [
       -83.2140089982967,
       35.285741627068646
      ],
      [
       -83.2139245430816,
       35.28569372272028
      ],
      [
       -83.2135956276096,
       35.285487883821745
      ],
      [
       -83.2133079592771,
       35.285409504860354
      ],
      [
       -83.21092335810867,
       35.28524660889951
      ],
      [
       -83.21038916814086,
       35.28531997166339
      ],
      [
       -83.2102845070465,
       35.28533014411072
      ],
      [
       -83.21017913886048,
       35.285332050490354
      ],
      [
       -83.21007403238943,
       35.28532567327292
      ],
      [
       -83.20997015403368,
       35.28531107109251
      ],
      [
       -83.20909680814573,
       35.28515262550995
      ],
      [
       -83.20817121065897,
       35.28517322010311
      ],
      [
       -83.20805741469283,
       35.28517091677675
      ],
      [
       -83.20794451951079,
       35.285158975552925
      ],
      [
       -83.20783373596636,
       35.28513752450546
      ],
      [
       -83.20772625226292,
       35.28510679370528
      ],
      [
       -83.20728299399515,
       35.28495853415366
      ],
      [
       -83.20442412773058,
       35.28483153264816
      ],
      [
       -83.20430202069974,
       35.28482046910083
      ],
      [
       -83.20418218212869,
       35.28479830149924
      ],
      [
       -83.20379127619212,
       35.28470689667627
      ],
      [
       -83.20368427740303,
       35.28467691802269
      ],
      [
       -83.20358160106794,
       35.28463808433617
      ],
      [
       -83.20213012463259,
       35.28401295065938
      ],
      [
       -83.20144562032485,
       35.283901167157914
      ],
      [
       -83.20118694946822,
       35.2839131104245
      ],
      [
       -83.20050681020133,
       35.284053052723685
      ],
      [
       -83.20034751221135,
       35.28407577454037
      ],
      [
       -83.19905974185576,
       35.284180232996086
      ],
      [
       -83.19849071977394,
       35.28434856835502
      ],
      [
       -83.19839271896737,
       35.28437338818657
      ],
      [
       -83.19829232322469,
       35.284390609383
      ],
      [
       -83.19819040682371,
       35.28440008197546
      ],
      [
       -83.1980878572862,
       35.2844017234724
      ],
      [
       -83.19798556764825,
       35.28439551957803
      ],
      [
       -83.19788442868271,
       35.28438152431687
      ],
      [
       -83.19778532114123,
       35.28435985956329
      ],
      [
       -83.19768910808362,
       35.284330713980104
      ],
      [
       -83.19693613203096,
       35.28406926265523
      ],
      [
       -83.1968544443103,
       35.28406454032375
      ],
      [
       -83.19628188837257,
       35.284140027822346
      ],
      [
       -83.19616731913074,
       35.284150116513935
      ],
      [
       -83.1960520913561,
       35.28415031479928
      ],
      [
       -83.19593747146864,
       35.28414062049756
      ],
      [
       -83.19582471920711,
       35.28412114015321
      ],
      [
       -83.19571507378228,
       35.28409208786488
      ],
      [
       -83.19560974025617,
       35.28405378293219
      ],
      [
       -83.19401773286279,
       35.28339087588296
      ],
      [
       -83.19392783071115,
       35.283348965765185
      ],
      [
       -83.19384313027271,
       35.28330031285245
      ],
      [
       -83.19301931430644,
       35.28277805240421
      ],
      [
       -83.19231035704827,
       35.282412624235526
      ],
      [
       -83.1922102417248,
       35.28235438067504
      ],
      [
       -83.19211867142873,
       35.28228734622194
      ],
      [
       -83.19174864152974,
       35.281984363943536
      ],
      [
       -83.19161957154635,
       35.28191389930285
      ],
      [
       -83.19134967966488,
       35.281953116161745
      ],
      [
       -83.19127127801404,
       35.281999090779024
      ],
      [
       -83.19054972935018,
       35.28269370932486
      ],
      [
       -83.19047370386536,
       35.28275983094862
      ],
      [
       -83.19038994423912,
       35.28281933867586
      ],
      [
       -83.19029930204711,
       35.28287162748497
      ],
      [
       -83.19020269884646,
       35.28291616574853
      ],
      [
       -83.1901011168059,
       35.28295250063885
      ],
      [
       -83.18999558871954,
       35.28298026273234
      ],
      [
       -83.1898871875055,
       35.28299916976592
      ],
      [
       -83.18977701529673,
       35.28300902950716
      ],
      [
       -83.18966619223414,
       35.283009741708895
      ],
      [
       -83.18955584507712,
       35.28300129912869
      ],
      [
       -83.18944709574622,
       35.28298378760249
      ],
      [
       -83.18906103447627,
       35.28290485831833
      ],
      [
       -83.18846735699137,
       35.28324101825747
      ],
      [
       -83.18838339029917,
       35.28328411441694
      ],
      [
       -83.18829503256308,
       35.28332083667932
      ],
      [
       -83.18820300147983,
       35.28335088676028
      ],
      [
       -83.18702345211538,
       35.28368637201068
      ],
      [
       -83.18670541351648,
       35.28444268534087
      ],
      [
       -83.18666481180365,
       35.28452563958743
      ],
      [
       -83.18661438832181,
       35.28460488808754
      ],
      [
       -83.1865546390286,
       35.28467965132002
      ],
      [
       -83.18648615161901,
       35.28474919388035
      ],
      [
       -83.18640959974506,
       35.284812831714945
      ],
      [
       -83.18607480053646,
       35.28506483476405
      ],
      [
       -83.18599280977101,
       35.285120787393105
      ],
      [
       -83.18590459031711,
       35.285169959695295
      ],
      [
       -83.1858109730785,
       35.28521188852947
      ],
      [
       -83.18510735777748,
       35.28549156697836
      ],
      [
       -83.18398857201932,
       35.28639050840491
      ],
      [
       -83.18373499965918,
       35.28667449876268
      ],
      [
       -83.1836673026937,
       35.28674301389871
      ],
      [
       -83.18359176389455,
       35.28680577683192
      ],
      [
       -83.18350910634314,
       35.286862186760125
      ],
      [
       -83.18342012127066,
       35.28691170369433
      ],
      [
       -83.1829252872698,
       35.28715896774423
      ],
      [
       -83.1821452482414,
       35.28789943000883
      ],
      [
       -83.18207607393806,
       35.28795931945979
      ],
      [
       -83.1820005113313,
       35.28801377264792
      ],
      [
       -83.18199371835932,
       35.28801823318143
      ],
      [
       -83.18288092711312,
       35.28842177652566
      ],
      [
       -83.18297512516183,
       35.288469873581114
      ],
      [
       -83.18306292879615,
       35.28852551272143
      ],
      [
       -83.18314344315085,
       35.28858812689848
      ],
      [
       -83.18321584764418,
       35.288657077976794
      ],
      [
       -83.18327940434074,
       35.288731663236625
      ],
      [
       -83.18355901166281,
       35.28909786401544
      ],
      [
       -83.18360921299949,
       35.28917097128011
      ],
      [
       -83.18365090561392,
       35.28924758923544
      ],
      [
       -83.18368372819455,
       35.289327053948
      ],
      [
       -83.18370739629046,
       35.289408676813906
      ],
      [
       -83.18372170477696,
       35.289491750525734
      ],
      [
       -83.18372652963409,
       35.289575555201615
      ],
      [
       -83.18372695134221,
       35.29014427049377
      ],
      [
       -83.18391357494703,
       35.29071679364332
      ],
      [
       -83.18393401079429,
       35.29079235798882
      ],
      [
       -83.18394646370146,
       35.290869081279425
      ],
      [
       -83.18395084180344,
       35.29094639766643
      ],
      [
       -83.18394711278782,
       35.2910237369254
      ],
      [
       -83.18389171820193,
       35.29157323915525
      ],
      [
       -83.18388047369253,
       35.291647283566256
      ],
      [
       -83.18386179723223,
       35.29172031160198
      ],
      [
       -83.18343627634391,
       35.29309755626106
      ],
      [
       -83.18336119991127,
       35.29371736837849
      ],
      [
       -83.18334257297148,
       35.29381563173514
      ],
      [
       -83.18298059697211,
       35.29521223027818
      ],
      [
       -83.18295745851405,
       35.29528601259619
      ],
      [
       -83.182926802369,
       35.295357929251075
      ],
      [
       -83.18288884755718,
       35.29542746639361
      ],
      [
       -83.18240135332628,
       35.29622801268686
      ],
      [
       -83.18236096670522,
       35.29671218758539
      ],
      [
       -83.18234936600165,
       35.296794898416756
      ],
      [
       -83.18232850505719,
       35.29687637871198
      ],
      [
       -83.18229856186176,
       35.2969559331557
      ],
      [
       -83.18225979191098,
       35.29703288286484
      ],
      [
       -83.1822125260268,
       35.297106571182
      ],
      [
       -83.182157167535,
       35.297176369279356
      ],
      [
       -83.18209418882414,
       35.29724168152501
      ],
      [
       -83.18159943266366,
       35.29770869548197
      ],
      [
       -83.18130353592856,
       35.298113507628685
      ],
      [
       -83.18130367135079,
       35.29828780164123
      ],
      [
       -83.18130773233867,
       35.298302188787446
      ],
      [
       -83.18148371730598,
       35.298496435514316
      ],
      [
       -83.18221496737405,
       35.29849603509337
      ],
      [
       -83.18232805722931,
       35.29850075382155
      ],
      [
       -83.1824399551057,
       35.298514984475055
      ],
      [
       -83.18254947384177,
       35.29853857607486
      ],
      [
       -83.18265545151505,
       35.29857127832843
      ],
      [
       -83.18275676376808,
       35.2986127442851
      ],
      [
       -83.1828523357363,
       35.29866253401661
      ],
      [
       -83.1829411534508,
       35.298720119284155
      ],
      [
       -83.18302227459554,
       35.298784889142205
      ],
      [
       -83.18309483850447,
       35.29885615641977
      ],
      [
       -83.18334633360462,
       35.299130753565905
      ],
      [
       -83.18341261270461,
       35.29921193833904
      ],
      [
       -83.18346778433616,
       35.2992985271632
      ],
      [
       -83.18353630806013,
       35.2994219438486
      ],
      [
       -83.18381885532524,
       35.29911028406848
      ],
      [
       -83.18388050694531,
       35.29904823612116
      ],
      [
       -83.18394862935854,
       35.29899091630117
      ],
      [
       -83.18402268543956,
       35.29893877654669
      ],
      [
       -83.18410209128244,
       35.298892227952805
      ],
      [
       -83.18418622080456,
       35.2988516375303
      ],
      [
       -83.18434472480756,
       35.298782739915254
      ],
      [
       -83.18480122407347,
       35.29801583923563
      ],
      [
       -83.18485591209557,
       35.29793481241407
      ],
      [
       -83.18492045308975,
       35.29785881389887
      ],
      [
       -83.18499416565592,
       35.297788646021814
      ],
      [
       -83.18507627157392,
       35.29772504955723
      ],
      [
       -83.18694606643184,
       35.29641906260861
      ],
      [
       -83.18702333838276,
       35.296369784173336
      ],
      [
       -83.18710565128401,
       35.29632633703701
      ],
      [
       -83.18719235236917,
       35.29628906574393
      ],
      [
       -83.18728275407567,
       35.29625826586207
      ],
      [
       -83.18737613949713,
       35.296234181639484
      ],
      [
       -83.18895658378193,
       35.29588915864067
      ],
      [
       -83.19012535295813,
       35.29516954087858
      ],
      [
       -83.19022819991412,
       35.29511334049309
      ],
      [
       -83.19033809177635,
       35.29506696058585
      ],
      [
       -83.19045363938685,
       35.295030987445365
      ],
      [
       -83.1909840334957,
       35.29489328806704
      ],
      [
       -83.1911057588163,
       35.294867857740634
      ],
      [
       -83.19123022799349,
       35.29485397839553
      ],
      [
       -83.1913558158316,
       35.29485183125248
      ],
      [
       -83.19268346534561,
       35.29489136905191
      ],
      [
       -83.19326437828583,
       35.294749800113934
      ],
      [
       -83.19336674744861,
       35.29472917533047
      ],
      [
       -83.19347105548279,
       35.29471668418111
      ],
      [
       -83.19433655009703,
       35.2946475812787
      ],
      [
       -83.19444484879915,
       35.294643338403944
      ],
      [
       -83.19455313055012,
       35.29464786266694
      ],
      [
       -83.1946603420428,
       35.294661110056786
      ],
      [
       -83.19476544038027,
       35.29468295170862
      ],
      [
       -83.19494766005602,
       35.29472877030013
      ],
      [
       -83.19607103254283,
       35.29468888512006
      ],
      [
       -83.19618113441751,
       35.294689500343
      ],
      [
       -83.19629060897061,
       35.29469914222293
      ],
      [
       -83.19639835799113,
       35.29471771403453
      ],
      [
       -83.19650330057665,
       35.29474502947037
      ],
      [
       -83.19660438397557,
       35.294780814509906
      ],
      [
       -83.19670059414698,
       35.29482471016797
      ],
      [
       -83.19702892223285,
       35.29499269301182
      ],
      [
       -83.19726489298972,
       35.29505364082468
      ],
      [
       -83.19846371666377,
       35.29505294218314
      ],
      [
       -83.19857803763034,
       35.295057761361704
      ],
      [
       -83.19869112752866,
       35.295072301016376
      ],
      [
       -83.19990213731786,
       35.29528146419492
      ],
      [
       -83.20284512008875,
       35.294708064338586
      ],
      [
       -83.202941186067,
       35.29469301232956
      ],
      [
       -83.2030385036299,
       35.29468502026687
      ],
      [
       -83.20313630244993,
       35.294684151411616
      ],
      [
       -83.20452120002116,
       35.29472238053369
      ],
      [
       -83.20457075565675,
       35.29468166520683
      ],
      [
       -83.2050868025701,
       35.29397516706747
      ],
      [
       -83.20515023440724,
       35.293897721383956
      ],
      [
       -83.20522309072702,
       35.29382606628005
      ],
      [
       -83.20628328783667,
       35.29288677122189
      ],
      [
       -83.20636035354988,
       35.292824882288954
      ],
      [
       -83.20644444696427,
       35.292769484450076
      ],
      [
       -83.2065347582202,
       35.29272111120285
      ],
      [
       -83.20663041758334,
       35.29268022839481
      ],
      [
       -83.20673050382018,
       35.29264722973761
      ],
      [
       -83.20683405306933,
       35.29262243301577
      ],
      [
       -83.2069400681231,
       35.29260607702677
      ],
      [
       -83.20704752803009,
       35.292598319281424
      ],
      [
       -83.20715539792631,
       35.292599234487426
      ],
      [
       -83.2072626390001,
       35.29260881382987
      ],
      [
       -83.20736821849526,
       35.292626965056215
      ],
      [
       -83.20747111965571,
       35.292653513364684
      ],
      [
       -83.20757035151608,
       35.29268820308748
      ],
      [
       -83.2076649584443,
       35.29273070015282
      ],
      [
       -83.20775402934373,
       35.29278059530181
      ],
      [
       -83.20783670642687,
       35.29283740802938
      ],
      [
       -83.20791219347574,
       35.29290059121145
      ],
      [
       -83.20797976350961,
       35.29296953637336
      ],
      [
       -83.20803876578623,
       35.29304357954943
      ],
      [
       -83.20808863206898,
       35.29312200767665
      ],
      [
       -83.20812888209983,
       35.29320406546144
      ],
      [
       -83.2081591282252,
       35.293288962653016
      ],
      [
       -83.2081790791302,
       35.29337588165357
      ],
      [
       -83.20818854264517,
       35.29346398539189
      ],
      [
       -83.20818742759768,
       35.29355242538445
      ],
      [
       -83.20817574469176,
       35.29364034990675
      ],
      [
       -83.20815360640626,
       35.29372691219585
      ],
      [
       -83.20812122591279,
       35.293811278605084
      ],
      [
       -83.20807891502412,
       35.29389263663288
      ],
      [
       -83.20802708119228,
       35.29397020274778
      ],
      [
       -83.20796622358557,
       35.29404322993461
      ],
      [
       -83.2078969282821,
       35.294111014889125
      ],
      [
       -83.20691432895455,
       35.29498157856604
      ],
      [
       -83.20638752439348,
       35.29570282644085
      ],
      [
       -83.20631152827823,
       35.29579375191377
      ],
      [
       -83.20622256184615,
       35.295876391615934
      ],
      [
       -83.20585986011221,
       35.29617439492221
      ],
      [
       -83.2057806293832,
       35.29623343985184
      ],
      [
       -83.20569476794498,
       35.296285885409745
      ],
      [
       -83.20560309034919,
       35.29633123404617
      ],
      [
       -83.20550646632987,
       35.296369055538676
      ],
      [
       -83.20540581255206,
       35.29639899107399
      ],
      [
       -83.20504291417608,
       35.296490790162366
      ],
      [
       -83.20492458698925,
       35.29651492018677
      ],
      [
       -83.20480372803733,
       35.29652815819551
      ],
      [
       -83.20468182426589,
       35.29653034131758
      ],
      [
       -83.20320985628294,
       35.29648971221729
      ],
      [
       -83.20017075818905,
       35.297081836601755
      ],
      [
       -83.20005155597096,
       35.29709943718615
      ],
      [
       -83.19993071546217,
       35.29710618001105
      ],
      [
       -83.1998097036015,
       35.29710198322042
      ],
      [
       -83.19968998940855,
       35.29708689775931
      ],
      [
       -83.19835035147145,
       35.296855521285174
      ],
      [
       -83.19709697971193,
       35.29685625125275
      ],
      [
       -83.19698507624884,
       35.29685163458023
      ],
      [
       -83.1968743272527,
       35.296837703341744
      ],
      [
       -83.19676588324252,
       35.29681460226101
      ],
      [
       -83.19623507702497,
       35.29667750301203
      ],
      [
       -83.1961480270386,
       35.29665166829938
      ],
      [
       -83.19606393721293,
       35.296619920363575
      ],
      [
       -83.19598340393377,
       35.29658248436939
      ],
      [
       -83.19582570411207,
       35.296501800305734
      ],
      [
       -83.19485375858389,
       35.29653630773644
      ],
      [
       -83.19472893253624,
       35.29653492227966
      ],
      [
       -83.19460510297282,
       35.296521943039195
      ],
      [
       -83.19448386682251,
       35.29649753739579
      ],
      [
       -83.19433090386316,
       35.29645907567839
      ],
      [
       -83.19378943762884,
       35.296502307654094
      ],
      [
       -83.19313702973166,
       35.29666129991266
      ],
      [
       -83.19302117799133,
       35.29668401292059
      ],
      [
       -83.19290300877614,
       35.29669631594502
      ],
      [
       -83.19278390957558,
       35.29669806452766
      ],
      [
       -83.19146626615577,
       35.296658827813076
      ],
      [
       -83.1912959194758,
       35.29670305294698
      ],
      [
       -83.19010606451496,
       35.29743565842562
      ],
      [
       -83.19001879364217,
       35.29748420429926
      ],
      [
       -83.1899262500563,
       35.29752567077025
      ],
      [
       -83.18982928549516,
       35.29755967619178
      ],
      [
       -83.18972879238984,
       35.297585907585955
      ],
      [
       -83.18818244828711,
       35.297923491198134
      ],
      [
       -83.1866766576355,
       35.29897524785761
      ],
      [
       -83.1861638063043,
       35.299836848921466
      ],
      [
       -83.18610790576653,
       35.299919469715334
      ],
      [
       -83.18604176185502,
       35.2999968390101
      ],
      [
       -83.18596610143419,
       35.3000681065498
      ],
      [
       -83.18588175595745,
       35.30013248913184
      ],
      [
       -83.18578965233034,
       35.300189279214585
      ],
      [
       -83.18569080272438,
       35.30023785269356
      ],
      [
       -83.18543549955174,
       35.30034882810431
      ],
      [
       -83.18469076669405,
       35.30117030528659
      ],
      [
       -83.1846257358615,
       35.301235446690185
      ],
      [
       -83.18455357517446,
       35.301295330201164
      ],
      [
       -83.18447491409647,
       35.30134943343742
      ],
      [
       -83.18439043880012,
       35.3013972844388
      ],
      [
       -83.1843008861815,
       35.301438465784386
      ],
      [
       -83.18405192051664,
       35.3015407303389
      ],
      [
       -83.18462210031169,
       35.30296082366557
      ],
      [
       -83.18500293990157,
       35.30376225784412
      ],
      [
       -83.18504238504767,
       35.30386209761924
      ],
      [
       -83.18535959597571,
       35.30485980182276
      ],
      [
       -83.1854244670292,
       35.304939448763285
      ],
      [
       -83.18548256272229,
       35.305019434931225
      ],
      [
       -83.18553028374745,
       35.305103906878514
      ],
      [
       -83.18556712096057,
       35.30519196341584
      ],
      [
       -83.18559268132728,
       35.30528266510885
      ],
      [
       -83.18560669211736,
       35.30537504430032
      ],
      [
       -83.1856427772986,
       35.30578502826675
      ],
      [
       -83.18602573283334,
       35.30626953732484
      ],
      [
       -83.18640950114184,
       35.306553815205724
      ],
      [
       -83.18716228661152,
       35.30689165660269
      ],
      [
       -83.18728927426919,
       35.30695830981562
      ],
      [
       -83.18782602950519,
       35.30728464486136
      ],
      [
       -83.18993846054565,
       35.306532890632965
      ],
      [
       -83.19002840893461,
       35.30650464994215
      ],
      [
       -83.19012102735938,
       35.30648297099801
      ],
      [
       -83.19021560498577,
       35.30646802018234
      ],
      [
       -83.19207494671942,
       35.30624281268368
      ],
      [
       -83.19429761234211,
       35.3058365448817
      ],
      [
       -83.19439471915311,
       35.30582250802987
      ],
      [
       -83.19449296959498,
       35.305815659651074
      ],
      [
       -83.1958368581208,
       35.30577159732482
      ],
      [
       -83.19659942537753,
       35.30565390223949
      ],
      [
       -83.19772563668313,
       35.305386426777396
      ],
      [
       -83.19974140852051,
       35.30462395833208
      ],
      [
       -83.20116572278053,
       35.303995570873475
      ],
      [
       -83.20320736881465,
       35.30284161212747
      ],
      [
       -83.20359992545231,
       35.30255310466433
      ],
      [
       -83.20375420795982,
       35.30238037367169
      ],
      [
       -83.2039527786917,
       35.301963368468506
      ],
      [
       -83.2039916431785,
       35.30189123759732
      ],
      [
       -83.20403804985311,
       35.30182216771301
      ],
      [
       -83.2040916434516,
       35.30175668754793
      ],
      [
       -83.20415201369671,
       35.30169529835369
      ],
      [
       -83.20446499922116,
       35.301404081617065
      ],
      [
       -83.20476030583748,
       35.30088160286237
      ],
      [
       -83.20481454636904,
       35.300797564614285
      ],
      [
       -83.20514914806772,
       35.300339371069285
      ],
      [
       -83.20521349795513,
       35.300260907018156
      ],
      [
       -83.20528752075113,
       35.300188401444636
      ],
      [
       -83.2053704017616,
       35.30012265231871
      ],
      [
       -83.20546122880889,
       35.30006438324936
      ],
      [
       -83.2056123308561,
       35.299977522220885
      ],
      [
       -83.206546375769,
       35.299023843506475
      ],
      [
       -83.20661227469449,
       35.298962481116696
      ],
      [
       -83.20668468524637,
       35.29890626689193
      ],
      [
       -83.20676301156212,
       35.29885566340517
      ],
      [
       -83.20684660910358,
       35.29881108705899
      ],
      [
       -83.2069347899607,
       35.29877290465948
      ],
      [
       -83.20740929145633,
       35.298589503612995
      ],
      [
       -83.20750256473333,
       35.29855766027696
      ],
      [
       -83.20759901012586,
       35.29853297185631
      ],
      [
       -83.20769781297422,
       35.29851564688879
      ],
      [
       -83.2077981387079,
       35.298505831714195
      ],
      [
       -83.20789913989432,
       35.29850360923844
      ],
      [
       -83.20910181502391,
       35.29852247256121
      ],
      [
       -83.2100335910035,
       35.29826131222393
      ],
      [
       -83.21071254259057,
       35.29792253383201
      ],
      [
       -83.21080611173552,
       35.297880797889
      ],
      [
       -83.21090416863436,
       35.29784668208497
      ],
      [
       -83.21209336989675,
       35.29748761024083
      ],
      [
       -83.2127842918047,
       35.297014617410056
      ],
      [
       -83.21287558144256,
       35.29695845014703
      ],
      [
       -83.21297348257478,
       35.29691034571569
      ],
      [
       -83.21307693983998,
       35.29687082266891
      ],
      [
       -83.21474315450737,
       35.2963186597608
      ],
      [
       -83.2166787463576,
       35.29543040382141
      ],
      [
       -83.21681345543327,
       35.295310545824925
      ],
      [
       -83.2171433005193,
       35.29484587804563
      ],
      [
       -83.21720207194946,
       35.29477171132428
      ],
      [
       -83.21726942722066,
       35.2947026245632
      ],
      [
       -83.21734471765572,
       35.29463928309235
      ],
      [
       -83.21742721816416,
       35.294582296910846
      ],
      [
       -83.21751613422532,
       35.294532214812804
      ],
      [
       -83.21761060953982,
       35.29448951910272
      ],
      [
       -83.21770973427583,
       35.294454620951186
      ],
      [
       -83.21781255383054,
       35.29442785643549
      ],
      [
       -83.21791807802266,
       35.29440948330348
      ],
      [
       -83.21802529062738,
       35.29439967849162
      ],
      [
       -83.21813315916197,
       35.29439853642135
      ],
      [
       -83.21824064482782,
       35.29440606808975
      ],
      [
       -83.21834671251342,
       35.2944222009639
      ],
      [
       -83.21845034076168,
       35.2944467796792
      ],
      [
       -83.21855053160584,
       35.29447956753557
      ],
      [
       -83.21864632017935,
       35.29452024877671
      ],
      [
       -83.21873678400699,
       35.294568431630665
      ],
      [
       -83.21882105188804,
       35.294623652082464
      ],
      [
       -83.21889831228587,
       35.294685378342265
      ],
      [
       -83.21896782114302,
       35.294753015966364
      ],
      [
       -83.21902890904688,
       35.29482591358139
      ],
      [
       -83.21908098767665,
       35.29490336915695
      ],
      [
       -83.21912355546955,
       35.29498463676596
      ],
      [
       -83.21915620245187,
       35.29506893376791
      ],
      [
       -83.21917861418812,
       35.29515544834565
      ],
      [
       -83.21919057481017,
       35.295243347323336
      ],
      [
       -83.21919196909747,
       35.29533178419006
      ],
      [
       -83.21918278358785,
       35.295419907252075
      ],
      [
       -83.21916310670862,
       35.295506867835016
      ],
      [
       -83.21913312792618,
       35.29559182845709
      ],
      [
       -83.21909313592265,
       35.29567397089472
      ],
      [
       -83.21904351581686,
       35.29575250406261
      ],
      [
       -83.21865331840506,
       35.296302210936474
      ],
      [
       -83.21858770341724,
       35.296384065789596
      ],
      [
       -83.21851164079783,
       35.29645959944583
      ],
      [
       -83.21817694649013,
       35.29675740064091
      ],
      [
       -83.21809415878776,
       35.296823692625146
      ],
      [
       -83.21800332926203,
       35.29688248218191
      ],
      [
       -83.21790546448592,
       35.29693311779327
      ],
      [
       -83.21575645023889,
       35.29791932374873
      ],
      [
       -83.21563149528282,
       35.297968458135415
      ],
      [
       -83.2140609852067,
       35.2984889106296
      ],
      [
       -83.21335652667085,
       35.29897117486717
      ],
      [
       -83.21325570705922,
       35.29903253504874
      ],
      [
       -83.21314700998673,
       35.29908406974736
      ],
      [
       -83.21303185353756,
       35.29912510662263
      ],
      [
       -83.21176435475805,
       35.299507823824385
      ],
      [
       -83.21107427123563,
       35.299852158797805
      ],
      [
       -83.21096906426497,
       35.299898431999395
      ],
      [
       -83.21085835667158,
       35.29993507920135
      ],
      [
       -83.20962994667268,
       35.300279382188805
      ],
      [
       -83.20953806932924,
       35.30030151965855
      ],
      [
       -83.20944419051094,
       35.30031701819684
      ],
      [
       -83.20934902258361,
       35.30032576019761
      ],
      [
       -83.20925328769624,
       35.30032767932431
      ],
      [
       -83.20811425764768,
       35.300309817297844
      ],
      [
       -83.20810195799986,
       35.300314571303744
      ],
      [
       -83.20722884577516,
       35.30120605301395
      ],
      [
       -83.20716027041769,
       35.30126968195721
      ],
      [
       -83.20708469523392,
       35.30132773820063
      ],
      [
       -83.20700279097906,
       35.301379706463564
      ],
      [
       -83.20691536041149,
       35.30142996668414
      ],
      [
       -83.20673089906037,
       35.30168257038799
      ],
      [
       -83.20639291463134,
       35.30228058326946
      ],
      [
       -83.20634395530874,
       35.30235731328337
      ],
      [
       -83.206286239215,
       35.30242983727671
      ],
      [
       -83.20622029914485,
       35.302497485728985
      ],
      [
       -83.20593033220334,
       35.30276729125572
      ],
      [
       -83.20575023603787,
       35.303145518426476
      ],
      [
       -83.20571181355963,
       35.303216918782255
      ],
      [
       -83.20566600031893,
       35.3032853266468
      ],
      [
       -83.20561313979948,
       35.30335022910577
      ],
      [
       -83.20530624478549,
       35.30369383026734
      ],
      [
       -83.20523407114656,
       35.30376640245229
      ],
      [
       -83.20515310185847,
       35.3038324443796
      ],
      [
       -83.20462300034839,
       35.30422204559085
      ],
      [
       -83.204513181888,
       35.30429296988208
      ],
      [
       -83.20236407478906,
       35.3055076792203
      ],
      [
       -83.20226105446785,
       35.30555930420329
      ],
      [
       -83.20075374770633,
       35.30622431200395
      ],
      [
       -83.20069335752989,
       35.306249026109505
      ],
      [
       -83.1985717365738,
       35.30705153671032
      ],
      [
       -83.19849548787842,
       35.30707757585366
      ],
      [
       -83.19841706949471,
       35.30709884896432
      ],
      [
       -83.19716065856667,
       35.30739724855264
      ],
      [
       -83.19705814182434,
       35.30741728491584
      ],
      [
       -83.1961646365847,
       35.30755518974327
      ],
      [
       -83.19600515663669,
       35.30757003108864
      ],
      [
       -83.19467966266848,
       35.307613492352814
      ],
      [
       -83.19251447652837,
       35.30800925460602
      ],
      [
       -83.19243592718738,
       35.30802117411994
      ],
      [
       -83.19068081370844,
       35.30823376011972
      ],
      [
       -83.1890364229276,
       35.308818957507405
      ],
      [
       -83.18901914394975,
       35.30926679478316
      ],
      [
       -83.18900968283481,
       35.309359646033535
      ],
      [
       -83.18898857733421,
       35.30945120038807
      ],
      [
       -83.18895605298546,
       35.30954047930899
      ],
      [
       -83.18891245737423,
       35.30962652857524
      ],
      [
       -83.18866491316984,
       35.31005164184682
      ],
      [
       -83.1886287388798,
       35.310200339468686
      ],
      [
       -83.18870859781286,
       35.31046140417207
      ],
      [
       -83.18872840253641,
       35.31054131375812
      ],
      [
       -83.18873931505314,
       35.31062236353806
      ],
      [
       -83.18874124600886,
       35.31070389005459
      ],
      [
       -83.18873417957008,
       35.310785225946034
      ],
      [
       -83.18867868578877,
       35.31117442225454
      ],
      [
       -83.1886586630598,
       35.311269949378705
      ],
      [
       -83.18862624066108,
       35.31136316152409
      ],
      [
       -83.1885817935558,
       35.311452980575574
      ],
      [
       -83.18850291778881,
       35.31159061827641
      ],
      [
       -83.18856130073787,
       35.31188839531105
      ],
      [
       -83.188571714057,
       35.3119593791345
      ],
      [
       -83.18857523024568,
       35.31203081618698
      ],
      [
       -83.1885762456101,
       35.31331271754958
      ],
      [
       -83.18857159053407,
       35.313396149018374
      ],
      [
       -83.188557533025,
       35.313478869041504
      ],
      [
       -83.1885341937742,
       35.31356016725436
      ],
      [
       -83.188464951365,
       35.313759446010714
      ],
      [
       -83.18846510478267,
       35.31394847140788
      ],
      [
       -83.18888907030177,
       35.314741312229785
      ],
      [
       -83.19025199393177,
       35.31598314774561
      ],
      [
       -83.19031759957474,
       35.31604890924329
      ],
      [
       -83.1903753600298,
       35.31611944130471
      ],
      [
       -83.19042476214652,
       35.3161941173395
      ],
      [
       -83.19046536702423,
       35.31627227394168
      ],
      [
       -83.19049681391164,
       35.316353216782794
      ],
      [
       -83.19051882341253,
       35.31643622678003
      ],
      [
       -83.19053119996872,
       35.31652056648414
      ],
      [
       -83.19053383359834,
       35.316605486630756
      ],
      [
       -83.19052670087393,
       35.31669023279663
      ],
      [
       -83.19050986513172,
       35.31677405210176
      ],
      [
       -83.19034286840126,
       35.31741525027625
      ],
      [
       -83.19031410339923,
       35.317503514736345
      ],
      [
       -83.19027458385865,
       35.31758893886576
      ],
      [
       -83.19022471583575,
       35.31767064487378
      ],
      [
       -83.19016501172875,
       35.31774779317311
      ],
      [
       -83.19009608501365,
       35.31781959100776
      ],
      [
       -83.19001864394113,
       35.31788530059944
      ],
      [
       -83.18993348425934,
       35.317944246729375
      ],
      [
       -83.18984148103722,
       35.317995823677094
      ],
      [
       -83.18933887731659,
       35.31824792414319
      ],
      [
       -83.1892495581867,
       35.31828818513679
      ],
      [
       -83.18915607398023,
       35.31832149393679
      ],
      [
       -83.18905922807987,
       35.318347564292154
      ],
      [
       -83.18895985276114,
       35.31836617215736
      ],
      [
       -83.18885880203929,
       35.31837715761824
      ],
      [
       -83.18754618873137,
       35.31846936014733
      ],
      [
       -83.18744580635838,
       35.31847263564905
      ],
      [
       -83.18734547819022,
       35.31846838854587
      ],
      [
       -83.18724604167812,
       35.318456654287864
      ],
      [
       -83.18714832682998,
       35.31843753082123
      ],
      [
       -83.18705314928164,
       35.318411177770734
      ],
      [
       -83.18696130348796,
       35.31837781510717
      ],
      [
       -83.18692960915284,
       35.31836485161567
      ],
      [
       -83.18673799620888,
       35.31843695440288
      ],
      [
       -83.18664385405715,
       35.31846815080605
      ],
      [
       -83.18654660207879,
       35.318492096250644
      ],
      [
       -83.18644706964969,
       35.31850858652566
      ],
      [
       -83.18634610559585,
       35.318517480998636
      ],
      [
       -83.18624457095379,
       35.31851870381513
      ],
      [
       -83.1861433316268,
       35.31851224454575
      ],
      [
       -83.18591993117587,
       35.318489445385204
      ],
      [
       -83.18581681807619,
       35.31847480919229
      ],
      [
       -83.18571586949801,
       35.318452205404455
      ],
      [
       -83.18561799975217,
       35.31842183874785
      ],
      [
       -83.18515445550426,
       35.31825693777071
      ],
      [
       -83.18439961067185,
       35.31822093202678
      ],
      [
       -83.18428622281826,
       35.3182106648561
      ],
      [
       -83.1841747430172,
       35.31819082446216
      ],
      [
       -83.18406637113415,
       35.31816162438736
      ],
      [
       -83.18396227358087,
       35.318123378912986
      ],
      [
       -83.18386357076028,
       35.31807649967632
      ],
      [
       -83.18377132500655,
       35.31802149123975
      ],
      [
       -83.18368652915059,
       35.31795894565976
      ],
      [
       -83.1836175239136,
       35.31790246949767
      ],
      [
       -83.18357031836636,
       35.317907141573784
      ],
      [
       -83.18292902566162,
       35.31809298258094
      ],
      [
       -83.18029,
       35.31721000000007
      ],
      [
       -83.18075076623235,
       35.316203142624126
      ],
      [
       -83.18158422170588,
       35.31614950390395
      ],
      [
       -83.1816923608362,
       35.316146919506885
      ],
      [
       -83.18180028642584,
       35.31615305748448
      ],
      [
       -83.18190695378603,
       35.31616785842161
      ],
      [
       -83.1820113304063,
       35.31619117904812
      ],
      [
       -83.18211240594809,
       35.31622279362561
      ],
      [
       -83.18241249848585,
       35.31633080108865
      ],
      [
       -83.1829515583663,
       35.31617458617368
      ],
      [
       -83.18306740951918,
       35.3161467739631
      ],
      [
       -83.183186282103,
       35.3161295382778
      ],
      [
       -83.18388447559936,
       35.316060435304045
      ],
      [
       -83.183994709821,
       35.31605410881629
      ],
      [
       -83.18410516209802,
       35.316056882760236
      ],
      [
       -83.18421471695203,
       35.31606872911995
      ],
      [
       -83.18432226796726,
       35.31608952825544
      ],
      [
       -83.18442672896352,
       35.316119070110815
      ],
      [
       -83.18452704496457,
       35.316157056335605
      ],
      [
       -83.18462220285176,
       35.31620310329752
      ],
      [
       -83.18471124159501,
       35.316256745956665
      ],
      [
       -83.18479326195802,
       35.316317442561555
      ],
      [
       -83.18494467697327,
       35.31644136516541
      ],
      [
       -83.18547708289852,
       35.31646675974934
      ],
      [
       -83.18557314035,
       35.31647482208056
      ],
      [
       -83.1856679645045,
       35.31648976038153
      ],
      [
       -83.18576082415936,
       35.31651145946008
      ],
      [
       -83.18585100325912,
       35.31653975199065
      ],
      [
       -83.18618919321788,
       35.31666006031494
      ],
      [
       -83.18649061033878,
       35.316546638123434
      ],
      [
       -83.18659188999487,
       35.31651340746938
      ],
      [
       -83.18669668859002,
       35.31648856599783
      ],
      [
       -83.18680397460182,
       35.31647235821919
      ],
      [
       -83.18691269202725,
       35.31646494366318
      ],
      [
       -83.1870217707757,
       35.316466395309014
      ],
      [
       -83.18713013720087,
       35.316476698867035
      ],
      [
       -83.18723672466729,
       35.3164957529195
      ],
      [
       -83.18734048404815,
       35.31652336991874
      ],
      [
       -83.18744039405071,
       35.316559278033
      ],
      [
       -83.1876665592342,
       35.31665178405957
      ],
      [
       -83.18800194685743,
       35.31662822603944
      ],
      [
       -83.18713560838289,
       35.31583883411224
      ],
      [
       -83.18706207624584,
       35.315764197455536
      ],
      [
       -83.18699863981453,
       35.3156835773578
      ],
      [
       -83.1869460178165,
       35.315597887273235
      ],
      [
       -83.18635862430179,
       35.314499376039215
      ],
      [
       -83.18631854483087,
       35.31441249708808
      ],
      [
       -83.18628958744405,
       35.314322698387876
      ],
      [
       -83.18627205966658,
       35.31423093370822
      ],
      [
       -83.18626614762519,
       35.31413817769662
      ],
      [
       -83.18626575244858,
       35.31363448044626
      ],
      [
       -83.1862704087774,
       35.31355104398795
      ],
      [
       -83.18628446864122,
       35.31346831915152
      ],
      [
       -83.18630781125766,
       35.31338701642267
      ],
      [
       -83.18637706129292,
       35.313187731425614
      ],
      [
       -83.18637623199254,
       35.31210363026009
      ],
      [
       -83.18627791127345,
       35.31160208380366
      ],
      [
       -83.18626593630489,
       35.31151275975818
      ],
      [
       -83.18626487281425,
       35.311422902243
      ],
      [
       -83.18627473133805,
       35.31133340457573
      ],
      [
       -83.18629541383223,
       35.31124515649353
      ],
      [
       -83.18632671464819,
       35.31115903530806
      ],
      [
       -83.18636832257864,
       35.31107589718375
      ],
      [
       -83.18651531353689,
       35.310819411425825
      ],
      [
       -83.18652666862309,
       35.310739789553345
      ],
      [
       -83.18643560745483,
       35.310442077189876
      ],
      [
       -83.18641614787488,
       35.31036395238613
      ],
      [
       -83.18640518850017,
       35.310284723500075
      ],
      [
       -83.18640281508941,
       35.31020501068851
      ],
      [
       -83.18640904619497,
       35.31012543789443
      ],
      [
       -83.18642383301845,
       35.31004662796295
      ],
      [
       -83.18653523996592,
       35.30958873073356
      ],
      [
       -83.1865567298239,
       35.30951620462269
      ],
      [
       -83.1865854667097,
       35.309445384691315
      ],
      [
       -83.18662125353546,
       35.309376756601054
      ],
      [
       -83.18682856530188,
       35.30902075196701
      ],
      [
       -83.18683227561236,
       35.30892465550093
      ],
      [
       -83.18604001816709,
       35.30844297973018
      ],
      [
       -83.1852402010824,
       35.30808402884151
      ],
      [
       -83.18513127263128,
       35.3080281224773
      ],
      [
       -83.1850310470301,
       35.30796217855781
      ],
      [
       -83.18444434975879,
       35.3075275750548
      ],
      [
       -83.18437624567107,
       35.30747252945999
      ],
      [
       -83.18431423530674,
       35.307412840350956
      ],
      [
       -83.18425878790934,
       35.3073489594183
      ],
      [
       -83.1836437915354,
       35.30657085359456
      ],
      [
       -83.18358842898067,
       35.306492430451755
      ],
      [
       -83.18354295217736,
       35.30640984685523
      ],
      [
       -83.18350782074478,
       35.30632393750492
      ],
      [
       -83.18348338973426,
       35.306235570712765
      ],
      [
       -83.1834699060419,
       35.30614563962611
      ],
      [
       -83.18343441399523,
       35.30574227425998
      ],
      [
       -83.18342803364102,
       35.30573444038592
      ],
      [
       -83.18336591287841,
       35.30564813459375
      ],
      [
       -83.18331586439444,
       35.305556709000925
      ],
      [
       -83.18327850689109,
       35.30546129388957
      ],
      [
       -83.18293078846263,
       35.3043675503438
      ],
      [
       -83.18256256490817,
       35.30359262415497
      ],
      [
       -83.18254269813346,
       35.30354726369999
      ],
      [
       -83.18192702114759,
       35.30201375680975
      ],
      [
       -83.18190091281393,
       35.301937627901076
      ],
      [
       -83.18188304552582,
       35.30185991585771
      ],
      [
       -83.18177095283005,
       35.30121901555683
      ],
      [
       -83.18176938632269,
       35.3012052943369
      ],
      [
       -83.18176669264975,
       35.30119169122249
      ],
      [
       -83.18176629405382,
       35.30118649107548
      ],
      [
       -83.18176534816546,
       35.30118133869603
      ],
      [
       -83.18167110996241,
       35.30041359920349
      ],
      [
       -83.18160742482581,
       35.300298893067286
      ],
      [
       -83.18093183092354,
       35.300299260303696
      ],
      [
       -83.18081810928909,
       35.300294487200766
      ],
      [
       -83.18070559995874,
       35.300280096107805
      ],
      [
       -83.18059551001537,
       35.300256241421636
      ],
      [
       -83.18048902058263,
       35.30022317907142
      ],
      [
       -83.18038727415198,
       35.300181263772636
      ],
      [
       -83.18029136232417,
       35.300130945221134
      ],
      [
       -83.18020231409707,
       35.30007276326813
      ],
      [
       -83.1801210848254,
       35.30000734212782
      ],
      [
       -83.18004854597076,
       35.29993538367994
      ],
      [
       -83.17940584692339,
       35.2992259789194
      ],
      [
       -83.17934320716465,
       35.29914884782046
      ],
      [
       -83.17929055895306,
       35.299066851572185
      ],
      [
       -83.179248458795,
       35.29898085694471
      ],
      [
       -83.17921735169043,
       35.298891772971906
      ],
      [
       -83.1791333573253,
       35.29859417310261
      ],
      [
       -83.17911219573162,
       35.29849352392301
      ],
      [
       -83.17910506034762,
       35.298391558177855
      ],
      [
       -83.1791046654757,
       35.29786495891711
      ],
      [
       -83.17910906232184,
       35.29778387693549
      ],
      [
       -83.1791223387523,
       35.2977034480079
      ],
      [
       -83.17914438707378,
       35.2976243243836
      ],
      [
       -83.1791750284574,
       35.29754714772446
      ],
      [
       -83.17921401438973,
       35.29747254390131
      ],
      [
       -83.17926102868894,
       35.297401117918625
      ],
      [
       -83.17976313622111,
       35.2967142156037
      ],
      [
       -83.17981621969626,
       35.29664832443094
      ],
      [
       -83.17987613444578,
       35.29658649554637
      ],
      [
       -83.18019259770244,
       35.29628778468166
      ],
      [
       -83.1802228524022,
       35.29592519257351
      ],
      [
       -83.18023558168689,
       35.29583689596766
      ],
      [
       -83.18025886078672,
       35.29575005729571
      ],
      [
       -83.18029246311323,
       35.29566552168128
      ],
      [
       -83.18033606161377,
       35.29558411183168
      ],
      [
       -83.18085916071092,
       35.29472513444971
      ],
      [
       -83.18117940763962,
       35.293489664112286
      ],
      [
       -83.1812566132,
       35.29285241604392
      ],
      [
       -83.18126774564739,
       35.29278585941349
      ],
      [
       -83.18128489397016,
       35.29272016754255
      ],
      [
       -83.18170820703884,
       35.2913501885561
      ],
      [
       -83.18174038276415,
       35.29103109828602
      ],
      [
       -83.1815658366263,
       35.2904955819921
      ],
      [
       -83.1815452227401,
       35.29041917983361
      ],
      [
       -83.1815327694215,
       35.29034159961513
      ],
      [
       -83.18152857052095,
       35.29026342614035
      ],
      [
       -83.18152828784484,
       35.28986784654944
      ],
      [
       -83.18080905959641,
       35.28954070526277
      ],
      [
       -83.18069930786083,
       35.28948357608787
      ],
      [
       -83.1805985499305,
       35.28941622259841
      ],
      [
       -83.17990014558093,
       35.28889002138571
      ],
      [
       -83.17982363915512,
       35.28882635996861
      ],
      [
       -83.17975519909817,
       35.2887567986767
      ],
      [
       -83.17969549842152,
       35.28868202156756
      ],
      [
       -83.17964512418958,
       35.28860276398881
      ],
      [
       -83.17960457174716,
       35.288519805346354
      ],
      [
       -83.17957423984927,
       35.28843396143955
      ],
      [
       -83.17955442674085,
       35.288346076438394
      ],
      [
       -83.17954532722497,
       35.28825701458192
      ],
      [
       -83.17954703074855,
       35.2881676516793
      ],
      [
       -83.1795595205242,
       35.288078866497266
      ],
      [
       -83.17967072776392,
       35.287529364225094
      ],
      [
       -83.17969539637258,
       35.28743747324628
      ],
      [
       -83.17973161466641,
       35.28734819176176
      ],
      [
       -83.17977898786602,
       35.28726249284656
      ],
      [
       -83.17983699961955,
       35.28718131052626
      ],
      [
       -83.17990501763188,
       35.28710552959758
      ],
      [
       -83.17998230055689,
       35.28703597598549
      ],
      [
       -83.18006800607799,
       35.28697340774211
      ],
      [
       -83.18054753683599,
       35.28665853563465
      ],
      [
       -83.18137427160788,
       35.285873760764495
      ],
      [
       -83.1814531039957,
       35.28580633292886
      ],
      [
       -83.18154002409553,
       35.28574595717413
      ],
      [
       -83.18163409830854,
       35.28569328197635
      ],
      [
       -83.18208997502944,
       35.2854654875774
      ],
      [
       -83.18226801978422,
       35.28526608942524
      ],
      [
       -83.18232403286325,
       35.285208458416605
      ],
      [
       -83.1823856008523,
       35.28515477228129
      ],
      [
       -83.1836970003374,
       35.28410108254012
      ],
      [
       -83.18378607130437,
       35.28403686069834
      ],
      [
       -83.18388306301536,
       35.283980882408386
      ],
      [
       -83.18398684606305,
       35.283933799491955
      ],
      [
       -83.18470697476121,
       35.28364756040601
      ],
      [
       -83.18471794072211,
       35.28363930647178
      ],
      [
       -83.18507904615267,
       35.28278062527087
      ],
      [
       -83.18506074658673,
       35.28262379244739
      ],
      [
       -83.18483983293491,
       35.28217201687225
      ],
      [
       -83.18479990964983,
       35.282074638760626
      ],
      [
       -83.18477376061843,
       35.28197416776333
      ],
      [
       -83.18468797507076,
       35.28151870650738
      ],
      [
       -83.18409423557384,
       35.28054643821194
      ],
      [
       -83.18405400627911,
       35.28047242457155
      ],
      [
       -83.18402204673268,
       35.280395747128914
      ],
      [
       -83.18385121547466,
       35.27991647875798
      ],
      [
       -83.18330259997498,
       35.27897540317167
      ],
      [
       -83.1832643898661,
       35.278901585975575
      ],
      [
       -83.18323433278056,
       35.27882527582026
      ],
      [
       -83.18321266665752,
       35.278747076853335
      ],
      [
       -83.18319956300311,
       35.27866760817448
      ],
      [
       -83.18319715354467,
       35.2786241104684
      ],
      [
       -83.18282190841477,
       35.27802225899041
      ],
      [
       -83.18267509784063,
       35.27796886246942
      ],
      [
       -83.18258519504859,
       35.27793204249077
      ],
      [
       -83.1824997693102,
       35.277888642667484
      ],
      [
       -83.18241953480835,
       35.277839025836926
      ],
      [
       -83.18234516232195,
       35.2777836068123
      ],
      [
       -83.1822772736178,
       35.27772284891444
      ],
      [
       -83.1822164362524,
       35.277657260098024
      ],
      [
       -83.18216315882718,
       35.2775873887045
      ],
      [
       -83.18191156355775,
       35.27722118362954
      ],
      [
       -83.18186299235303,
       35.27714152040372
      ],
      [
       -83.18182424693352,
       35.27705831484497
      ],
      [
       -83.18179570565923,
       35.2769723795437
      ],
      [
       -83.18177764723285,
       35.27688455374665
      ],
      [
       -83.1817702479791,
       35.27679569516057
      ],
      [
       -83.18174237385432,
       35.275576527765644
      ],
      [
       -83.1816923051218,
       35.27519538094048
      ],
      [
       -83.18167441332871,
       35.27517341584858
      ],
      [
       -83.18163163833748,
       35.27511643017662
      ],
      [
       -83.18159413719715,
       35.27505699892031
      ],
      [
       -83.18137054070154,
       35.27466789797017
      ],
      [
       -83.18133018242895,
       35.27458791528012
      ],
      [
       -83.1812993668295,
       35.27450512648898
      ],
      [
       -83.18127837812484,
       35.27442029526097
      ],
      [
       -83.18126740988873,
       35.27433420409797
      ],
      [
       -83.18123921540551,
       35.273922200644655
      ],
      [
       -83.18123860817167,
       35.273831036705644
      ],
      [
       -83.18124923438855,
       35.27374028884561
      ],
      [
       -83.18127098529322,
       35.27365088557934
      ],
      [
       -83.1813036382988,
       35.273563741660986
      ],
      [
       -83.18134685927335,
       35.273479748724576
      ],
      [
       -83.18140020595982,
       35.27339976616129
      ],
      [
       -83.18146313250249,
       35.273324612326746
      ],
      [
       -83.18161563290076,
       35.27316088699361
      ],
      [
       -83.18142093464007,
       35.272507871755856
      ],
      [
       -83.18114955722314,
       35.272148888996796
      ],
      [
       -83.181098332768,
       35.27207324533803
      ],
      [
       -83.18105618958009,
       35.27199392190622
      ],
      [
       -83.1810235160661,
       35.27191164982423
      ],
      [
       -83.18093961802407,
       35.27165994598773
      ],
      [
       -83.18091520908244,
       35.27156813971974
      ],
      [
       -83.18090258815651,
       35.27147474825981
      ],
      [
       -83.18090189238967,
       35.27138078673196
      ],
      [
       -83.18091312930335,
       35.27128727645314
      ],
      [
       -83.18093617671711,
       35.27119523383193
      ],
      [
       -83.18097078407838,
       35.27110565932086
      ],
      [
       -83.18099871743019,
       35.27105311689025
      ],
      [
       -83.18095749030714,
       35.27041703728972
      ],
      [
       -83.180958489714,
       35.27030785456388
      ],
      [
       -83.18097558078735,
       35.27019957216443
      ],
      [
       -83.18107302900735,
       35.26978253643886
      ],
      [
       -83.18100676928849,
       35.26952522815709
      ],
      [
       -83.18099163117311,
       35.26945138941615
      ],
      [
       -83.18098401875145,
       35.26937677497034
      ],
      [
       -83.18098398454323,
       35.26930189980369
      ],
      [
       -83.18101158897905,
       35.268752404783264
      ],
      [
       -83.18102246251549,
       35.2686577568195
      ],
      [
       -83.18104543193547,
       35.268564574733716
      ],
      [
       -83.18108024163233,
       35.268473895300474
      ],
      [
       -83.18112650426387,
       35.26838672744556
      ],
      [
       -83.18118370506375,
       35.26830404102055
      ],
      [
       -83.18125120757026,
       35.26822675601249
      ],
      [
       -83.18136281009197,
       35.26811225577936
      ],
      [
       -83.18143018234522,
       35.26804936127073
      ],
      [
       -83.18150437970624,
       35.26799186501146
      ],
      [
       -83.18158476196966,
       35.26794026309138
      ],
      [
       -83.18159757900884,
       35.26793350747947
      ],
      [
       -83.18159767400039,
       35.26787221891956
      ],
      [
       -83.18160922034744,
       35.267780834282824
      ],
      [
       -83.18163205062461,
       35.2676908885093
      ],
      [
       -83.18166592755509,
       35.267603316265436
      ],
      [
       -83.18177843606743,
       35.2673568374984
      ],
      [
       -83.18178446571531,
       35.267292047939264
      ],
      [
       -83.18163654038757,
       35.26652658150764
      ],
      [
       -83.18162465571558,
       35.26643505673193
      ],
      [
       -83.18162421496532,
       35.26634301510596
      ],
      [
       -83.1816352226949,
       35.26625141659038
      ],
      [
       -83.18165756405955,
       35.26616121652117
      ],
      [
       -83.18169100601104,
       35.266073355645915
      ],
      [
       -83.18172378118214,
       35.26601061022423
      ],
      [
       -83.1810809403464,
       35.265133039632566
      ],
      [
       -83.18103152198702,
       35.26505768946149
      ],
      [
       -83.18099103825254,
       35.26497883545577
      ],
      [
       -83.18095985396697,
       35.264897188267895
      ],
      [
       -83.1809382501424,
       35.26481348372125
      ],
      [
       -83.18092642144745,
       35.26472847617836
      ],
      [
       -83.18092447445387,
       35.26464293174239
      ],
      [
       -83.18093242667713,
       35.26455762135266
      ],
      [
       -83.18108903883798,
       35.26352526737734
      ],
      [
       -83.18106731186903,
       35.263467560837256
      ],
      [
       -83.18104454824886,
       35.26337019915995
      ],
      [
       -83.18103496003735,
       35.26327137594198
      ],
      [
       -83.18100636999071,
       35.262309878215575
      ],
      [
       -83.18100927978212,
       35.26221878386753
      ],
      [
       -83.18102338994728,
       35.2621283961351
      ],
      [
       -83.18104855620292,
       35.26203963903869
      ],
      [
       -83.18108452124292,
       35.26195341992599
      ],
      [
       -83.18113091737028,
       35.261870620196376
      ],
      [
       -83.18118727025721,
       35.261792086290896
      ],
      [
       -83.1812530037952,
       35.261718621039606
      ],
      [
       -83.18132744598536,
       35.261650975454856
      ],
      [
       -83.18150373826425,
       35.26150621562771
      ],
      [
       -83.18146458703777,
       35.26144377386036
      ],
      [
       -83.18142275971894,
       35.26135520898704
      ],
      [
       -83.181392528077,
       35.26126352560272
      ],
      [
       -83.18137422780866,
       35.26116974189213
      ],
      [
       -83.18136806210471,
       35.261074899361624
      ],
      [
       -83.1813676748371,
       35.26050260507818
      ],
      [
       -83.18137255007646,
       35.2604172990224
      ],
      [
       -83.18138724741735,
       35.26033275439819
      ],
      [
       -83.18141163486915,
       35.26024973028959
      ],
      [
       -83.18144549344021,
       35.26016897212633
      ],
      [
       -83.18148851910509,
       35.26009120499117
      ],
      [
       -83.18154032553514,
       35.26001712710997
      ],
      [
       -83.18154582626147,
       35.26001074792316
      ],
      [
       -83.18138416220755,
       35.25981201053907
      ],
      [
       -83.18133077853626,
       35.259739163660136
      ],
      [
       -83.18128599861829,
       35.25966251607597
      ],
      [
       -83.18125022067646,
       35.25958274944617
      ],
      [
       -83.18122376287204,
       35.25950057316746
      ],
      [
       -83.18120686047614,
       35.259416718064486
      ],
      [
       -83.1811996637782,
       35.2593319298901
      ],
      [
       -83.1811789371731,
       35.25857095783555
      ],
      [
       -83.18077998626644,
       35.25814012350412
      ],
      [
       -83.18072404973867,
       35.25807374383851
      ],
      [
       -83.18067557591921,
       35.258003526504105
      ],
      [
       -83.18063495336361,
       35.25793003437536
      ],
      [
       -83.18046735582661,
       35.25758673284801
      ],
      [
       -83.18043318907472,
       35.25750579855117
      ],
      [
       -83.18040854303555,
       35.25742256947448
      ],
      [
       -83.18039364026045,
       35.25733779726673
      ],
      [
       -83.18038861530684,
       35.25725224751062
      ],
      [
       -83.18038825908027,
       35.25677116643605
      ],
      [
       -83.1802965748195,
       35.256678771560935
      ],
      [
       -83.1785925784051,
       35.25519529356283
      ],
      [
       -83.17783590759076,
       35.25470677720684
      ],
      [
       -83.17633264157456,
       35.25413358014317
      ],
      [
       -83.17622737201367,
       35.254087583776
      ],
      [
       -83.17612880094816,
       35.254032498609824
      ],
      [
       -83.17540188652906,
       35.253576986673146
      ],
      [
       -83.17462453854789,
       35.25347814988708
      ],
      [
       -83.17382229440732,
       35.25362152190409
      ],
      [
       -83.17353524149968,
       35.25383106723202
      ],
      [
       -83.17346516807415,
       35.25387812185713
      ],
      [
       -83.17339060857296,
       35.25392028316434
      ],
      [
       -83.17263730570745,
       35.25430969192234
      ],
      [
       -83.17252895621834,
       35.25435893139251
      ],
      [
       -83.17241453861098,
       35.254397854487465
      ],
      [
       -83.17229550705164,
       35.25442596651812
      ],
      [
       -83.17118398958772,
       35.254633621087926
      ],
      [
       -83.17044756473302,
       35.254918274737925
      ],
      [
       -83.16973037528112,
       35.255364984393616
      ],
      [
       -83.16964475887957,
       35.25541325255311
      ],
      [
       -83.16955396746728,
       35.25545467229215
      ],
      [
       -83.16945881271307,
       35.255488873316864
      ],
      [
       -83.16865369112772,
       35.25574175041759
      ],
      [
       -83.16799553127274,
       35.256146994987986
      ],
      [
       -83.16791019500637,
       35.256194569256756
      ],
      [
       -83.16781979444927,
       35.25623536790735
      ],
      [
       -83.16772512677726,
       35.256269031162454
      ],
      [
       -83.16762702679857,
       35.25629526216662
      ],
      [
       -83.16752635959182,
       35.256313829604245
      ],
      [
       -83.16742401287672,
       35.25632456973971
      ],
      [
       -83.16548292621803,
       35.25645263937669
      ],
      [
       -83.16478617477044,
       35.25666522493739
      ],
      [
       -83.16431909272035,
       35.25693909890009
      ],
      [
       -83.1642210218004,
       35.256990395271146
      ],
      [
       -83.16411688946502,
       35.25703290084265
      ],
      [
       -83.16400786259435,
       35.25706613930321
      ],
      [
       -83.16389516292124,
       35.25708973818646
      ],
      [
       -83.16378005333966,
       35.2571034330452
      ],
      [
       -83.16316604467494,
       35.257149433787696
      ],
      [
       -83.16305830898996,
       35.25715314692973
      ],
      [
       -83.16295064837,
       35.25714818041795
      ],
      [
       -83.16284409968,
       35.25713458208291
      ],
      [
       -83.16273968907531,
       35.25711248288707
      ],
      [
       -83.16263842211792,
       35.25708209566341
      ],
      [
       -83.16254127409123,
       35.25704371306555
      ],
      [
       -83.16244918060642,
       35.25699770474899
      ],
      [
       -83.16236302859123,
       35.25694451381079
      ],
      [
       -83.16228364774759,
       35.256884652521805
      ],
      [
       -83.16221180256078,
       35.25681869739273
      ],
      [
       -83.16214818493691,
       35.25674728362146
      ],
      [
       -83.16209340753944,
       35.25667109897532
      ],
      [
       -83.16204799788935,
       35.256590877166865
      ],
      [
       -83.16201239328534,
       35.25650739078738
      ],
      [
       -83.1619869365933,
       35.256421443866
      ],
      [
       -83.16197187294522,
       35.25633386412601
      ],
      [
       -83.16196734737966,
       35.25624549501326
      ],
      [
       -83.16197340344617,
       35.256157187572995
      ],
      [
       -83.1619899827872,
       35.25606979225379
      ],
      [
       -83.16201692570145,
       35.25598415071729
      ],
      [
       -83.1620539726831,
       35.25590108773265
      ],
      [
       -83.16210076692225,
       35.2558214032338
      ],
      [
       -83.1621568577422,
       35.25574586461591
      ],
      [
       -83.16222170494059,
       35.25567519934534
      ],
      [
       -83.1622946839925,
       35.25561008795425
      ],
      [
       -83.16237509206539,
       35.25555115748716
      ],
      [
       -83.1624621547879,
       35.25549897546273
      ],
      [
       -83.16255503370745,
       35.25545404440874
      ],
      [
       -83.16265283436458,
       35.25541679702301
      ],
      [
       -83.16275461490653,
       35.25538759200681
      ],
      [
       -83.16285939515696,
       35.25536671061078
      ],
      [
       -83.16296616605464,
       35.25535435392668
      ],
      [
       -83.16328348744413,
       35.255330581260374
      ],
      [
       -83.16362712471954,
       35.25512909037753
      ],
      [
       -83.1637083187478,
       35.255085785783315
      ],
      [
       -83.16379384615958,
       35.25504851398242
      ],
      [
       -83.16388304249134,
       35.25501756453675
      ],
      [
       -83.16485973808217,
       35.254719566906736
      ],
      [
       -83.16495592023217,
       35.254694283065376
      ],
      [
       -83.16505452639373,
       35.254676350480196
      ],
      [
       -83.16515472340076,
       35.25466592067018
      ],
      [
       -83.16693070742653,
       35.2545487491099
      ],
      [
       -83.16745748900055,
       35.25422439923034
      ],
      [
       -83.16754170567522,
       35.254177388236286
      ],
      [
       -83.16763086809159,
       35.25413697692986
      ],
      [
       -83.1677242098637,
       35.254103512658155
      ],
      [
       -83.16852642983369,
       35.253851549526104
      ],
      [
       -83.16921044104244,
       35.25342550895259
      ],
      [
       -83.16930538707311,
       35.2533725494969
      ],
      [
       -83.16940655213037,
       35.25332800662294
      ],
      [
       -83.17035524212697,
       35.252961307518675
      ],
      [
       -83.17046533469093,
       35.252924581241565
      ],
      [
       -83.17057961901345,
       35.25289782378035
      ],
      [
       -83.17162450342244,
       35.25270262008762
      ],
      [
       -83.17214219920797,
       35.252435007029305
      ],
      [
       -83.17257657511388,
       35.25211792087656
      ],
      [
       -83.17266442922148,
       35.252060126033804
      ],
      [
       -83.1727590338557,
       35.252010011586776
      ],
      [
       -83.17285939513819,
       35.25196810401042
      ],
      [
       -83.17296445871978,
       35.25193484356171
      ],
      [
       -83.1730731208563,
       35.25191057965501
      ],
      [
       -83.17435670888725,
       35.251681186584776
      ],
      [
       -83.1744564072704,
       35.25166727602642
      ],
      [
       -83.1745572425297,
       35.251660943887174
      ],
      [
       -83.17465836040623,
       35.25166224381081
      ],
      [
       -83.17475890424723,
       35.25167116478361
      ],
      [
       -83.17601489363906,
       35.25183085954169
      ],
      [
       -83.1761221473421,
       35.251849026553714
      ],
      [
       -83.17622666350957,
       35.2518758618157
      ],
      [
       -83.17632740376091,
       35.25191109871552
      ],
      [
       -83.1764233672264,
       35.25195438716975
      ],
      [
       -83.17651360049025,
       35.25200529710141
      ],
      [
       -83.17736759236764,
       35.2525404385336
      ],
      [
       -83.17887813904522,
       35.25311640865168
      ],
      [
       -83.17899020032405,
       35.253165798000474
      ],
      [
       -83.17909455112587,
       35.25322548113486
      ],
      [
       -83.18001584951683,
       35.2538202781314
      ],
      [
       -83.18007796825734,
       35.25386353593665
      ],
      [
       -83.18013600792779,
       35.253910451027735
      ],
      [
       -83.18155332251396,
       35.25514433604281
      ],
      [
       -83.18168618078268,
       35.254862253512655
      ],
      [
       -83.18216301245398,
       35.253066546429025
      ],
      [
       -83.18211863561011,
       35.25257923876236
      ],
      [
       -83.18211586982824,
       35.25249150853031
      ],
      [
       -83.18212351895949,
       35.252403973555516
      ],
      [
       -83.18214151044458,
       35.25231746380656
      ],
      [
       -83.18216967366378,
       35.25223279952869
      ],
      [
       -83.18220774155576,
       35.25215078346669
      ],
      [
       -83.18225535315094,
       35.25207219325374
      ],
      [
       -83.18255211666396,
       35.25163689928603
      ],
      [
       -83.18257632782247,
       35.25151728350333
      ],
      [
       -83.18259958207567,
       35.25142964305607
      ],
      [
       -83.1826333404266,
       35.25134433258107
      ],
      [
       -83.18267726850897,
       35.25126219696987
      ],
      [
       -83.18278887226896,
       35.251078898805645
      ],
      [
       -83.18284384169111,
       35.250999056146746
      ],
      [
       -83.18290841643517,
       35.25092420839026
      ],
      [
       -83.1829819280631,
       35.250855130283306
      ],
      [
       -83.18306361563731,
       35.25079253684944
      ],
      [
       -83.18315263359729,
       35.2507370759879
      ],
      [
       -83.18324806051237,
       35.25068932176778
      ],
      [
       -83.18328747688933,
       35.25067386242349
      ],
      [
       -83.1833261159306,
       35.250613150331
      ],
      [
       -83.18338576865412,
       35.25053849839844
      ],
      [
       -83.18345413064773,
       35.250469052904975
      ],
      [
       -83.18353053136508,
       35.25040549500198
      ],
      [
       -83.18361422141784,
       35.250348448091
      ],
      [
       -83.18370520047746,
       35.25029244020381
      ],
      [
       -83.18373109397322,
       35.250263204955885
      ],
      [
       -83.1837888070974,
       35.250120790749676
      ],
      [
       -83.18382932735032,
       35.2500355293033
      ],
      [
       -83.18388017850744,
       35.249954077985905
      ],
      [
       -83.18394083628803,
       35.24987727651955
      ],
      [
       -83.18421193511378,
       35.24956947943313
      ],
      [
       -83.18429858530705,
       35.24948297386235
      ],
      [
       -83.18448077459814,
       35.249322540181716
      ],
      [
       -83.18472388318423,
       35.24837691804085
      ],
      [
       -83.18474925383582,
       35.24829669775778
      ],
      [
       -83.18478349996731,
       35.248218728396374
      ],
      [
       -83.18482633198053,
       35.24814366923694
      ],
      [
       -83.1851050319873,
       35.24770857231421
      ],
      [
       -83.18510894385592,
       35.24770306926456
      ],
      [
       -83.18352388063843,
       35.24736187132719
      ],
      [
       -83.18200456031002,
       35.24714013288551
      ],
      [
       -83.181904038232,
       35.2471214326082
      ],
      [
       -83.1770752903721,
       35.246025322776035
      ],
      [
       -83.17697138731617,
       35.245997093837794
      ],
      [
       -83.17687142392305,
       35.245960523613974
      ],
      [
       -83.17677639238714,
       35.24591597508592
      ],
      [
       -83.17668723594697,
       35.24586389042412
      ],
      [
       -83.17660483952243,
       35.24580478659914
      ],
      [
       -83.17653002093121,
       35.245739250249905
      ],
      [
       -83.17622281856792,
       35.24544174611535
      ],
      [
       -83.1761505474627,
       35.2453634817686
      ],
      [
       -83.17608908318395,
       35.2452792324709
      ],
      [
       -83.17603915517954,
       35.24518999812431
      ],
      [
       -83.17600135597417,
       35.245096837792246
      ],
      [
       -83.17577473328053,
       35.24441668310365
      ],
      [
       -83.17525431460328,
       35.243508614831335
      ],
      [
       -83.1745526473083,
       35.24293367703681
      ],
      [
       -83.17448449229501,
       35.24287243925059
      ],
      [
       -83.17283689724867,
       35.24124782869974
      ],
      [
       -83.1727580409021,
       35.241159703434285
      ],
      [
       -83.17269277028203,
       35.24106439365734
      ],
      [
       -83.17227368151063,
       35.240354790035546
      ],
      [
       -83.1722246548092,
       35.24025773340333
      ],
      [
       -83.17180301505013,
       35.239262624554186
      ],
      [
       -83.1710054241817,
       35.238363893831284
      ],
      [
       -83.17094632220773,
       35.23828992311055
      ],
      [
       -83.1708963422304,
       35.23821155578887
      ],
      [
       -83.17085596556592,
       35.23812954659854
      ],
      [
       -83.17082558103996,
       35.23804468534344
      ],
      [
       -83.17080548124406,
       35.237957789292395
      ],
      [
       -83.17079585971885,
       35.23786969530814
      ],
      [
       -83.17079680909136,
       35.237781251787595
      ],
      [
       -83.17080832018422,
       35.2376933104912
      ],
      [
       -83.17083028210548,
       35.23760671833997
      ],
      [
       -83.17086248331773,
       35.23752230925924
      ],
      [
       -83.17090461367661,
       35.2374408961477
      ],
      [
       -83.17095626741884,
       35.23736326304896
      ],
      [
       -83.17101694707077,
       35.23729015760118
      ],
      [
       -83.1710860682402,
       35.23722228383729
      ],
      [
       -83.1711629652449,
       35.23716029540527
      ],
      [
       -83.17124689752379,
       35.237104789273694
      ],
      [
       -83.17133705676893,
       35.23705629998308
      ],
      [
       -83.17143257470983,
       35.237015294498555
      ],
      [
       -83.17153253147482,
       35.23698216771324
      ],
      [
       -83.1716359644493,
       35.236957238645616
      ],
      [
       -83.17174187754522,
       35.23694074736768
      ],
      [
       -83.17184925079297,
       35.23693285269318
      ],
      [
       -83.171957050163,
       35.23693363064849
      ],
      [
       -83.17206423752279,
       35.23694307374045
      ],
      [
       -83.17216978063335,
       35.236961091028675
      ],
      [
       -83.17227266308893,
       35.23698750900125
      ],
      [
       -83.17237189410429,
       35.23702207324556
      ],
      [
       -83.17246651805546,
       35.23706445089819
      ],
      [
       -83.17255562368189,
       35.23711423385021
      ],
      [
       -83.17263835286168,
       35.23717094267703
      ],
      [
       -83.1727139088752,
       35.23723403125517
      ],
      [
       -83.17278156407762,
       35.23730289202103
      ],
      [
       -83.17367516853544,
       35.238309786353945
      ],
      [
       -83.17373432209696,
       35.2383838243124
      ],
      [
       -83.17378433713493,
       35.23846226626709
      ],
      [
       -83.17382473109213,
       35.23854435543199
      ],
      [
       -83.1742788883219,
       35.239616147863664
      ],
      [
       -83.17461159275118,
       35.24017946292609
      ],
      [
       -83.17614113681982,
       35.24168763930405
      ],
      [
       -83.17694304593172,
       35.2423447030449
      ],
      [
       -83.17700738819845,
       35.24240219944776
      ],
      [
       -83.17706542549821,
       35.24246404729326
      ],
      [
       -83.17711672254727,
       35.24252978273304
      ],
      [
       -83.17716089460961,
       35.242598912761444
      ],
      [
       -83.17780359871344,
       35.24372030915708
      ],
      [
       -83.17784020453885,
       35.24379206778092
      ],
      [
       -83.17786913150877,
       35.243866148642205
      ],
      [
       -83.17803823651063,
       35.24437364067042
      ],
      [
       -83.1824402412168,
       35.24537287655802
      ],
      [
       -83.18395232922512,
       35.245593559981344
      ],
      [
       -83.18403875469856,
       35.24560914215409
      ],
      [
       -83.18547914072897,
       35.24591919953424
      ],
      [
       -83.18551546625184,
       35.24576302241424
      ],
      [
       -83.18559360841385,
       35.24496457633583
      ],
      [
       -83.18560702353714,
       35.24487904904052
      ],
      [
       -83.18563034084119,
       35.244794964989545
      ],
      [
       -83.18566334683902,
       35.24471309392343
      ],
      [
       -83.1857057393518,
       35.24463418532173
      ],
      [
       -83.18605839216039,
       35.2440545986677
      ],
      [
       -83.18607561968935,
       35.24401051075097
      ],
      [
       -83.18541778975424,
       35.243484754302074
      ],
      [
       -83.1853404953627,
       35.243416226160775
      ],
      [
       -83.18527225757656,
       35.24334150560007
      ],
      [
       -83.18521380867877,
       35.24326139449843
      ],
      [
       -83.18471091591468,
       35.2424832882698
      ],
      [
       -83.18466478070674,
       35.24240247282358
      ],
      [
       -83.18462861364021,
       35.24231831050299
      ],
      [
       -83.18460276927146,
       35.24223162644752
      ],
      [
       -83.18459291802446,
       35.24217461850282
      ],
      [
       -83.18455526093489,
       35.242109513099656
      ],
      [
       -83.18451878291893,
       35.24202617890428
      ],
      [
       -83.1844924484828,
       35.24194031032246
      ],
      [
       -83.18447651177642,
       35.241852736164276
      ],
      [
       -83.18447112658819,
       35.241764301699526
      ],
      [
       -83.18447043547685,
       35.24103170133436
      ],
      [
       -83.18447534472868,
       35.24094589163725
      ],
      [
       -83.18449018971432,
       35.240860855174546
      ],
      [
       -83.18477617661563,
       35.23964038896745
      ],
      [
       -83.18477559523643,
       35.23900278174151
      ],
      [
       -83.18466426742032,
       35.23872935368536
      ],
      [
       -83.18463800540665,
       35.2386541315108
      ],
      [
       -83.18461979502035,
       35.238577323983584
      ],
      [
       -83.18460977350053,
       35.23849951004474
      ],
      [
       -83.18460801636131,
       35.23842127621951
      ],
      [
       -83.18463522242524,
       35.23752857002645
      ],
      [
       -83.1846431937287,
       35.23744042000387
      ],
      [
       -83.1846616514353,
       35.237353334564844
      ],
      [
       -83.18469041797195,
       35.23726815136026
      ],
      [
       -83.18472921660991,
       35.23718568974131
      ],
      [
       -83.18508043099763,
       35.23653599979117
      ],
      [
       -83.1850795141077,
       35.23544512023025
      ],
      [
       -83.18508369591629,
       35.23536592962391
      ],
      [
       -83.18509634203711,
       35.23528734673917
      ],
      [
       -83.18511735463002,
       35.235209979401574
      ],
      [
       -83.18595218713176,
       35.23266828651661
      ],
      [
       -83.18598981031158,
       35.23257451600665
      ],
      [
       -83.18599640136556,
       35.23256264984385
      ],
      [
       -83.18498275591247,
       35.23214094301087
      ],
      [
       -83.18415446976562,
       35.231935516092335
      ],
      [
       -83.18406235800303,
       35.231908951195805
      ],
      [
       -83.18397348515647,
       35.23187578005379
      ],
      [
       -83.1838885533996,
       35.231836264748054
      ],
      [
       -83.18380823376525,
       35.23179071748486
      ],
      [
       -83.1831998187284,
       35.23141183965946
      ],
      [
       -83.18279193958303,
       35.23125207826106
      ],
      [
       -83.18232298699745,
       35.23118247798386
      ],
      [
       -83.18222108163742,
       35.23116320232344
      ],
      [
       -83.18212187228137,
       35.23113606239331
      ],
      [
       -83.18202625821513,
       35.23110130420375
      ],
      [
       -83.18193510613206,
       35.2310592428208
      ],
      [
       -83.18184924227627,
       35.2310102595103
      ],
      [
       -83.18148633775513,
       35.230781457574295
      ],
      [
       -83.18140112095685,
       35.230721821498555
      ],
      [
       -83.18132374871728,
       35.23065537508948
      ],
      [
       -83.18125502547872,
       35.23058280920876
      ],
      [
       -83.18119566575167,
       35.23050487834232
      ],
      [
       -83.18114628668633,
       35.2304223927552
      ],
      [
       -83.1809535916028,
       35.230054160103016
      ],
      [
       -83.18071166457868,
       35.229806307935576
      ],
      [
       -83.18064523691777,
       35.22973051898886
      ],
      [
       -83.18058872017717,
       35.22964949854964
      ],
      [
       -83.1805427206849,
       35.22956411587064
      ],
      [
       -83.1805077319264,
       35.22947528700361
      ],
      [
       -83.18048412925123,
       35.22938396497083
      ],
      [
       -83.18040013681942,
       35.22894905802191
      ],
      [
       -83.18038820762206,
       35.22885674073153
      ],
      [
       -83.18038791530074,
       35.22876390628554
      ],
      [
       -83.18039926291729,
       35.22867153964425
      ],
      [
       -83.18042213003605,
       35.22858062080132
      ],
      [
       -83.18045627400342,
       35.22849211438625
      ],
      [
       -83.180812798172,
       35.22771038305081
      ],
      [
       -83.18082470823083,
       35.22748237565568
      ],
      [
       -83.18076879170425,
       35.22733358467365
      ],
      [
       -83.18074183854594,
       35.227246745228015
      ],
      [
       -83.1807255282429,
       35.22715813876956
      ],
      [
       -83.18072002200307,
       35.227068641255876
      ],
      [
       -83.18071933281125,
       35.22626733785765
      ],
      [
       -83.18072340662147,
       35.22618914717644
      ],
      [
       -83.18073573177328,
       35.22611154128331
      ],
      [
       -83.18075621530768,
       35.22603510535087
      ],
      [
       -83.18083054638997,
       35.22580571734887
      ],
      [
       -83.18083029506874,
       35.225493534535644
      ],
      [
       -83.18044688592043,
       35.224773249356005
      ],
      [
       -83.18040721450318,
       35.224686922944585
      ],
      [
       -83.18037850617438,
       35.22459772083516
      ],
      [
       -83.18012661435243,
       35.223613422173955
      ],
      [
       -83.18010983229408,
       35.223527317028406
      ],
      [
       -83.18010326921687,
       35.223440284080056
      ],
      [
       -83.18007409426579,
       35.22165448294518
      ],
      [
       -83.18007720049009,
       35.22157360021254
      ],
      [
       -83.18008913515011,
       35.22149327214161
      ],
      [
       -83.18010980200583,
       35.22141414631565
      ],
      [
       -83.18013903442174,
       35.221336860623865
      ],
      [
       -83.18050104485584,
       35.220512464347834
      ],
      [
       -83.18053569444679,
       35.22044281784045
      ],
      [
       -83.18057730110523,
       35.22037578517257
      ],
      [
       -83.1806255749511,
       35.220311833343615
      ],
      [
       -83.18109927978055,
       35.219739132733274
      ],
      [
       -83.18115403472085,
       35.2196785538741
      ],
      [
       -83.18121477019696,
       35.219621944091635
      ],
      [
       -83.18310506552685,
       35.21800202476226
      ],
      [
       -83.18352401538465,
       35.217502905960906
      ],
      [
       -83.18354253188309,
       35.21745722830051
      ],
      [
       -83.18356800309485,
       35.21716145968291
      ],
      [
       -83.18311143700494,
       35.21666908152605
      ],
      [
       -83.18306236465286,
       35.21661165235955
      ],
      [
       -83.18301888306536,
       35.21655126533238
      ],
      [
       -83.18282328539907,
       35.21625376169799
      ],
      [
       -83.18277682481951,
       35.2161739552288
      ],
      [
       -83.18274011992295,
       35.2160907958168
      ],
      [
       -83.18271352417226,
       35.216005084342456
      ],
      [
       -83.18269729366963,
       35.215917646261865
      ],
      [
       -83.18269158469141,
       35.215829323656884
      ],
      [
       -83.18269645218422,
       35.21574096712515
      ],
      [
       -83.18271184923714,
       35.21565342758839
      ],
      [
       -83.1827376275348,
       35.21556754809746
      ],
      [
       -83.18277353878706,
       35.21548415571342
      ],
      [
       -83.18281923712127,
       35.21540405354277
      ],
      [
       -83.18287428241435,
       35.21532801300333
      ],
      [
       -83.1829381445323,
       35.215256766395456
      ],
      [
       -83.18301020843636,
       35.215190999850016
      ],
      [
       -83.18308978010663,
       35.21513134672112
      ],
      [
       -83.18317609322595,
       35.21507838148706
      ],
      [
       -83.1832683165601,
       35.215032614218295
      ],
      [
       -83.18336556196252,
       35.21499448566577
      ],
      [
       -83.18346689292717,
       35.21496436301669
      ],
      [
       -83.18357133360686,
       35.21494253635876
      ],
      [
       -83.18367787821016,
       35.214929215886926
      ],
      [
       -83.18378550068658,
       35.214924529879255
      ],
      [
       -83.18389316460674,
       35.21492852346185
      ],
      [
       -83.1839998331426,
       35.21494115817436
      ],
      [
       -83.18410447905111,
       35.2149623123403
      ],
      [
       -83.1842060945661,
       35.214991782238876
      ],
      [
       -83.1843037011022,
       35.215029284066595
      ],
      [
       -83.18439635867826,
       35.21507445667025
      ],
      [
       -83.18448317496892,
       35.21512686502455
      ],
      [
       -83.1845633138975,
       35.21518600442131
      ],
      [
       -83.18463600368744,
       35.21525130532951
      ],
      [
       -83.18470054429477,
       35.21532213887963
      ],
      [
       -83.18475631414991,
       35.21539782291956
      ],
      [
       -83.18491123782826,
       35.21563345350897
      ],
      [
       -83.18538985931002,
       35.216149604659584
      ],
      [
       -83.18545686321966,
       35.216230648684494
      ],
      [
       -83.18551275622234,
       35.21631718058143
      ],
      [
       -83.18568035993577,
       35.21661468111328
      ],
      [
       -83.18572164933639,
       35.21669885457937
      ],
      [
       -83.1857524162868,
       35.21678600849304
      ],
      [
       -83.18577234890549,
       35.216875259479
      ],
      [
       -83.18578124512314,
       35.216965702903714
      ],
      [
       -83.18577901473216,
       35.21705642204427
      ],
      [
       -83.18572382136553,
       35.2176975222261
      ],
      [
       -83.1857135437653,
       35.21777231100851
      ],
      [
       -83.18569569820323,
       35.21784613531423
      ],
      [
       -83.18567040910513,
       35.2179184803282
      ],
      [
       -83.18555901933549,
       35.2181932811623
      ],
      [
       -83.18552187578989,
       35.21827230557972
      ],
      [
       -83.18547585647467,
       35.218348119624345
      ],
      [
       -83.18542136780266,
       35.21842005371468
      ],
      [
       -83.18486386712877,
       35.2190842546908
      ],
      [
       -83.18481099933987,
       35.21914212423151
      ],
      [
       -83.18475264718886,
       35.21919632861604
      ],
      [
       -83.18286498995107,
       35.22081401909432
      ],
      [
       -83.18252069985493,
       35.22123027146992
      ],
      [
       -83.18227319071133,
       35.221793950579226
      ],
      [
       -83.18229830399676,
       35.22332860103955
      ],
      [
       -83.18250510230537,
       35.224136608741375
      ],
      [
       -83.18293502129691,
       35.22494422934233
      ],
      [
       -83.18297482162798,
       35.2250308787935
      ],
      [
       -83.18300357688358,
       35.22512042194073
      ],
      [
       -83.18302098348346,
       35.22521191355567
      ],
      [
       -83.18302685764269,
       35.225304387838705
      ],
      [
       -83.18302737198069,
       35.22592258453155
      ],
      [
       -83.1830232974705,
       35.226000761375296
      ],
      [
       -83.18301097452155,
       35.22607835358437
      ],
      [
       -83.18299049599713,
       35.22615477629121
      ],
      [
       -83.18291617736784,
       35.226384145145715
      ],
      [
       -83.18291666323213,
       35.22693186945324
      ],
      [
       -83.18297981437006,
       35.227099899370145
      ],
      [
       -83.18300981831068,
       35.227199577875794
      ],
      [
       -83.18302581112474,
       35.22730140969804
      ],
      [
       -83.18302758520583,
       35.22740407326841
      ],
      [
       -83.1830000923169,
       35.22793067225778
      ],
      [
       -83.18298910787661,
       35.228024907690454
      ],
      [
       -83.18296613772466,
       35.22811767790385
      ],
      [
       -83.18293143523866,
       35.22820795941013
      ],
      [
       -83.18262403263124,
       35.22888202567194
      ],
      [
       -83.18276142747864,
       35.229022781975125
      ],
      [
       -83.18281961770766,
       35.22908821876945
      ],
      [
       -83.18287041249052,
       35.229157678263334
      ],
      [
       -83.18291340149379,
       35.22923059937046
      ],
      [
       -83.18303125481569,
       35.22945580316224
      ],
      [
       -83.18332781367218,
       35.22949981698857
      ],
      [
       -83.18342291298022,
       35.22951754082898
      ],
      [
       -83.18351572161218,
       35.22954211582293
      ],
      [
       -83.18360550801435,
       35.22957334826038
      ],
      [
       -83.18424760079063,
       35.229824847959065
      ],
      [
       -83.18434599715819,
       35.22986857035882
      ],
      [
       -83.1844384616905,
       35.22992027990438
      ],
      [
       -83.18497909751784,
       35.23025694805475
      ],
      [
       -83.18571102181845,
       35.23043847513472
      ],
      [
       -83.1858020665258,
       35.23046468757284
      ],
      [
       -83.18588995653961,
       35.230497354498915
      ],
      [
       -83.18764824286217,
       35.23122884583528
      ],
      [
       -83.18773998582195,
       35.23127167778119
      ],
      [
       -83.18782629469159,
       35.23132153718457
      ],
      [
       -83.18790637247413,
       35.23137796363653
      ],
      [
       -83.18797947970694,
       35.23144043608632
      ],
      [
       -83.18804494128992,
       35.23150837765247
      ],
      [
       -83.18810215271971,
       35.23158116094954
      ],
      [
       -83.18815058567202,
       35.23165811388103
      ],
      [
       -83.18815956505954,
       35.23167653015808
      ],
      [
       -83.18841593136362,
       35.23166843318777
      ],
      [
       -83.18951779924006,
       35.230388831275754
      ],
      [
       -83.18958052965206,
       35.23032272883868
      ],
      [
       -83.18965046960066,
       35.23026169133071
      ],
      [
       -83.18972701474469,
       35.230206246153855
      ],
      [
       -83.18980950367411,
       35.23015687238772
      ],
      [
       -83.18989722362514,
       35.23011399665024
      ],
      [
       -83.19031571989963,
       35.22993050552567
      ],
      [
       -83.19042208038611,
       35.229889708637465
      ],
      [
       -83.1905331402018,
       35.229858459634556
      ],
      [
       -83.19064763049606,
       35.22983711553184
      ],
      [
       -83.19076424322965,
       35.22982592018149
      ],
      [
       -83.1912105353462,
       35.22980281661242
      ],
      [
       -83.19130549497817,
       35.22980127654911
      ],
      [
       -83.19135001219463,
       35.22980371769489
      ],
      [
       -83.19153362182918,
       35.229489664767875
      ],
      [
       -83.19149244775974,
       35.228873330526106
      ],
      [
       -83.1914931189868,
       35.2287654846168
      ],
      [
       -83.19150948491799,
       35.22865847661195
      ],
      [
       -83.19159289168654,
       35.228292177176456
      ],
      [
       -83.19161673130687,
       35.228209355661505
      ],
      [
       -83.19164998463361,
       35.2281287483082
      ],
      [
       -83.19169235516651,
       35.228051073777124
      ],
      [
       -83.19174346512317,
       35.22797702457902
      ],
      [
       -83.19207786539347,
       35.22754182300708
      ],
      [
       -83.19213368774284,
       35.22747587897459
      ],
      [
       -83.1921964409767,
       35.22741427313183
      ],
      [
       -83.19226562704984,
       35.22735749440206
      ],
      [
       -83.19234069686745,
       35.22730599339788
      ],
      [
       -83.19267856173632,
       35.22709445012103
      ],
      [
       -83.19284539669616,
       35.22673759786042
      ],
      [
       -83.19288421286004,
       35.22666443401089
      ],
      [
       -83.19293076347128,
       35.226594374118335
      ],
      [
       -83.19298468360977,
       35.226527967367026
      ],
      [
       -83.19329128458804,
       35.2261843635225
      ],
      [
       -83.19336333088299,
       35.22611184258678
      ],
      [
       -83.19344415153846,
       35.22604584138086
      ],
      [
       -83.19353287552448,
       35.225987071202994
      ],
      [
       -83.19362854664296,
       35.22593616542057
      ],
      [
       -83.1937301338326,
       35.225893672644716
      ],
      [
       -83.19383654228032,
       35.22586005081865
      ],
      [
       -83.19460626956453,
       35.22565379414466
      ],
      [
       -83.19463573604352,
       35.22559595886977
      ],
      [
       -83.19468554407693,
       35.22551970481345
      ],
      [
       -83.19474403289374,
       35.22544772088156
      ],
      [
       -83.19481066351312,
       35.22538067038546
      ],
      [
       -83.19506146513878,
       35.22515167104238
      ],
      [
       -83.1951424897918,
       35.22508504285088
      ],
      [
       -83.19523154096538,
       35.225025712127206
      ],
      [
       -83.19532764736871,
       35.224974325985734
      ],
      [
       -83.19542976076661,
       35.22493144488863
      ],
      [
       -83.19553676741222,
       35.224897536533405
      ],
      [
       -83.19564750019379,
       35.22487297075232
      ],
      [
       -83.19590914209384,
       35.22482680480079
      ],
      [
       -83.19659919660818,
       35.22455281629331
      ],
      [
       -83.19668995438884,
       35.22452082900205
      ],
      [
       -83.19678384722977,
       35.22449566170647
      ],
      [
       -83.19688011577816,
       35.22447751794399
      ],
      [
       -83.19697798146994,
       35.22446654444968
      ],
      [
       -83.19707665282576,
       35.224462829969646
      ],
      [
       -83.19849127157777,
       35.2244618188424
      ],
      [
       -83.19864661357012,
       35.22439792076826
      ],
      [
       -83.19912811438181,
       35.22398411194312
      ],
      [
       -83.19922624944373,
       35.22390945914036
      ],
      [
       -83.19925672545381,
       35.22388896157029
      ],
      [
       -83.19912089920076,
       35.22348607850438
      ],
      [
       -83.19837520479952,
       35.2223908980923
      ],
      [
       -83.19832204876445,
       35.22230159245181
      ],
      [
       -83.19828119928839,
       35.22220802690001
      ],
      [
       -83.19805740536043,
       35.22159002170986
      ],
      [
       -83.19803581731954,
       35.221520337136695
      ],
      [
       -83.19802106725732,
       35.22144946215796
      ],
      [
       -83.19790867747658,
       35.220739859817336
      ],
      [
       -83.19790035889518,
       35.2206589794852
      ],
      [
       -83.19790094144625,
       35.22057781299934
      ],
      [
       -83.1979104203783,
       35.220497018683155
      ],
      [
       -83.19798602181268,
       35.220060018341194
      ],
      [
       -83.19788656084977,
       35.21980406971154
      ],
      [
       -83.19777386677198,
       35.219601315761395
      ],
      [
       -83.19773654261573,
       35.21952515511193
      ],
      [
       -83.19770781770988,
       35.219446523510975
      ],
      [
       -83.19756792318722,
       35.21898872108901
      ],
      [
       -83.19754327659265,
       35.218880340360236
      ],
      [
       -83.19753494033672,
       35.21877030098858
      ],
      [
       -83.19753424897776,
       35.21812940166637
      ],
      [
       -83.19753755155666,
       35.218058757339364
      ],
      [
       -83.19754759133696,
       35.217988542777356
      ],
      [
       -83.19763099907009,
       35.21755344430951
      ],
      [
       -83.19765302049574,
       35.21746663584095
      ],
      [
       -83.19768532976464,
       35.21738202329179
      ],
      [
       -83.19772761411757,
       35.217300425642385
      ],
      [
       -83.19809920180711,
       35.216671239972115
      ],
      [
       -83.19811875223395,
       35.21617582544706
      ],
      [
       -83.19812693237611,
       35.21609141885996
      ],
      [
       -83.19814472859859,
       35.21600801476682
      ],
      [
       -83.19817198379587,
       35.21592634932317
      ],
      [
       -83.19820845737587,
       35.21584714333637
      ],
      [
       -83.19825382738435,
       35.215771095903605
      ],
      [
       -83.19830769334753,
       35.215698878241696
      ],
      [
       -83.19878130118019,
       35.21512618562942
      ],
      [
       -83.19885643931214,
       35.21504551270743
      ],
      [
       -83.19894215790517,
       35.21497228797856
      ],
      [
       -83.19972275457403,
       35.21437658877609
      ],
      [
       -83.199823978989,
       35.214308119593525
      ],
      [
       -83.1999344287405,
       35.214250043692964
      ],
      [
       -83.20113321936624,
       35.21369965323201
      ],
      [
       -83.20121504876342,
       35.2136656833881
      ],
      [
       -83.20130004617661,
       35.21363743477539
      ],
      [
       -83.20318705917607,
       35.21308434717593
      ],
      [
       -83.20456002740488,
       35.212264880475736
      ],
      [
       -83.20556929810508,
       35.21050794574174
      ],
      [
       -83.20571147362001,
       35.209744526469215
      ],
      [
       -83.20573296361931,
       35.209657856921346
      ],
      [
       -83.2057647008322,
       35.20957333346696
      ],
      [
       -83.20580637958275,
       35.20949177010639
      ],
      [
       -83.20585759845673,
       35.20941395233033
      ],
      [
       -83.20591786416824,
       35.209340629555555
      ],
      [
       -83.2059865963113,
       35.20927250790808
      ],
      [
       -83.20606313294992,
       35.20921024342321
      ],
      [
       -83.20614673699318,
       35.209154435728024
      ],
      [
       -83.20623660329392,
       35.209105622267316
      ],
      [
       -83.20633186640254,
       35.20906427312807
      ],
      [
       -83.20643160890123,
       35.209030786512955
      ],
      [
       -83.20653487023863,
       35.2090054849057
      ],
      [
       -83.20664065597941,
       35.208988611965985
      ],
      [
       -83.2067479473803,
       35.20898033018303
      ],
      [
       -83.20685571119985,
       35.20898071931115
      ],
      [
       -83.20696290964786,
       35.208989775601665
      ],
      [
       -83.20706851037856,
       35.20900741183913
      ],
      [
       -83.20717149643134,
       35.20903345818124
      ],
      [
       -83.20727087602343,
       35.20906766379424
      ],
      [
       -83.20736569210015,
       35.20910969926842
      ],
      [
       -83.20745503155094,
       35.2091591597901
      ],
      [
       -83.20753803400231,
       35.209215569039834
      ],
      [
       -83.20761390010318,
       35.20927838377913
      ],
      [
       -83.20768189922278,
       35.209346999081625
      ],
      [
       -83.2077413764869,
       35.20942075415829
      ],
      [
       -83.207791759085,
       35.20949893872071
      ],
      [
       -83.20783256178709,
       35.20958079982099
      ],
      [
       -83.20786339161748,
       35.209665549102645
      ],
      [
       -83.2078839516402,
       35.209752370392415
      ],
      [
       -83.20789404381976,
       35.20984042756021
      ],
      [
       -83.20789357092958,
       35.20992887257117
      ],
      [
       -83.20788253748952,
       35.210016853652654
      ],
      [
       -83.20771625227256,
       35.21090985869958
      ],
      [
       -83.20769527366083,
       35.210994883197415
      ],
      [
       -83.20766443195083,
       35.21107785850172
      ],
      [
       -83.20762401285795,
       35.21115801585437
      ],
      [
       -83.20642673269484,
       35.213242324838404
      ],
      [
       -83.20637485551745,
       35.21332201376617
      ]
     ]
    ]
   }
  }
 ]
}